student_id,adjusted_hints_used_mean,adjusted_hints_used_total,adjusted_hints_used_std,adjusted_hints_used_median,adjusted_hints_used_q1,adjusted_hints_used_q3,adjusted_tasks_completed_mean,adjusted_tasks_completed_total,adjusted_tasks_completed_std,adjusted_tasks_completed_median,adjusted_tasks_completed_q1,adjusted_tasks_completed_q3,adjusted_activities_mean,adjusted_activities_total,adjusted_activities_std,adjusted_activities_median,adjusted_activities_q1,adjusted_activities_q3
keila1,0.024041393805309733,0.2884967256637168,0.06097543270222707,0.0,0.0,0.0,0.11314509166666666,1.3577411,0.1806668545933268,0.0,0.0,0.135,9.749196042053185,136.4887445887446,7.902623433051275,10.943181818181818,1.3125,14.835714285714285
keila11,0.0083325,0.09999,0.02886462670813534,0.0,0.0,0.0,0.20993666666666666,2.51924,0.30072246592266105,0.09545500000000001,0.0,0.31884375,11.93958977530406,167.15425685425686,7.239382270017946,12.055555555555555,7.71875,16.03181818181818
keila12,0.0083325,0.09999,0.02886462670813534,0.0,0.0,0.0,0.08732208333333334,1.047865,0.12827420429863118,0.010795,0.0,0.15388125,5.480523345701918,76.72732683982684,5.265849180196217,4.341666666666667,1.671875,7.642857142857143
keila13,0.025626406810035845,0.3075168817204301,0.046396980388224277,0.0,0.0,0.0249975,0.12217172666666669,1.4660607200000002,0.16720057356087517,0.04545536,0.0,0.18721875,13.117858431251289,183.65001803751804,9.252567309151672,14.085227272727273,4.5,19.98095238095238
keila14,0.028321427738927738,0.33985713286713287,0.05216719251722078,0.0,0.0,0.0249975,0.28426541666666666,3.411185,0.47605926002613247,0.09545500000000001,0.0,0.36525,17.456810451453308,244.3953463203463,8.207704680895894,16.375,11.017857142857142,21.77916666666667
keila15,0.0083325,0.09999,0.02886462670813534,0.0,0.0,0.0,0.020968333333333335,0.25162,0.037497184096296016,0.0,0.0,0.021875000000000002,3.0303107606679034,42.42435064935065,4.066034664540778,1.2083333333333335,0.09090909090909091,4.214285714285714
keila16,0.028753043837882547,0.34503652605459056,0.04080195582138835,0.0,0.0,0.057799317617866004,0.17583131666666665,2.1099758,0.22637859341755887,0.1085,0.0,0.21590625,9.831806586270872,137.6452922077922,6.557381697135669,7.9375,5.921875,11.227272727272727
keila19,0.044988927738927736,0.5398671328671328,0.09306633578811634,0.0,0.0,0.025,0.20736875000000002,2.4884250000000003,0.37965537858889514,0.022725000000000002,0.0,0.3125,16.95351860441146,237.34926046176045,20.95184533293281,10.53125,6.690340909090909,21.276785714285715
keila2,0.03429506965471044,0.41154083585652534,0.05102389340503244,0.0,0.0,0.06510044117647058,0.30267558333333333,3.632107,0.4722340227168687,0.14150000000000001,0.0,0.36525,16.806693207586065,235.2937049062049,7.084996804131158,18.46875,11.81060606060606,22.866666666666667
keila20,0.03415001748251748,0.4098002097902098,0.07978450971503022,0.0,0.0,0.0,0.31974458333333333,3.836935,0.4707415790897395,0.1938125,0.0,0.40653125,18.890686198721912,264.4696067821068,11.35883421856523,15.673295454545453,10.433035714285715,21.910714285714285
keila3,0.012498749999999998,0.14998499999999998,0.03107597011760051,0.0,0.0,0.0,0.07102083333333332,0.85225,0.11191800003154366,0.0,0.0,0.11240625000000001,5.269742063492063,73.77638888888889,7.942703136343912,3.3833333333333333,1.078125,5.418749999999999
keila4,0.01777833333333333,0.21333999999999997,0.0430504207208527,0.0,0.0,0.0,0.21936541666666667,2.632385,0.28022590915397927,0.1439375,0.0,0.28331249999999997,18.7441262110905,262.417766955267,10.999364258051347,16.493506493506494,11.34201388888889,20.24702380952381
keila5,0.032033226950354605,0.3843987234042553,0.06212036102109977,0.0,0.0,0.029961542553191486,0.09339788333333333,1.1207746,0.1001973762219517,0.09545500000000001,0.0,0.1356672,13.370968614718615,187.1935606060606,12.391204432784836,10.628472222222221,4.947916666666667,18.017857142857142
keila6,0.0,0.0,0.0,0.0,0.0,0.0,0.27496560833333333,3.2995873,0.437294495951189,0.07272500000000001,0.0,0.36525,20.377647649969077,285.2870670995671,13.968541614641028,17.741666666666667,12.93125,30.166666666666668
keila7,0.012498749999999998,0.14998499999999998,0.03107597011760051,0.0,0.0,0.0,0.10526370833333333,1.2631645,0.12936211342065032,0.05113500000000001,0.0,0.190411125,8.442462894248608,118.19448051948052,8.376516948095096,7.7625,3.75,10.05
keila8,0.012498749999999998,0.14998499999999998,0.03107597011760051,0.0,0.0,0.0,0.12604083333333335,1.5124900000000001,0.21083732701511557,0.023295,0.0,0.16998749999999999,10.398392084106371,145.57748917748918,8.589212763672368,7.979166666666667,3.8474025974025974,14.255555555555555
keila9,0.004479838709677419,0.05375806451612903,0.015518616509750182,0.0,0.0,0.0,0.09976381666666667,1.1971658,0.22559344440484017,0.0,0.0,0.0931825,8.495245825602968,118.93344155844156,11.86353543743943,3.229166666666667,0.0,14.845238095238095
lagedi10,0.0647307886904762,0.7767694642857144,0.07951039736589532,0.031246874999999997,0.0,0.1,0.22834425,2.740131,0.3206186925232143,0.133325,0.065625,0.21000000000000002,15.469452174809318,216.57233044733044,14.660330224872473,10.8,5.861607142857142,18.4375
lagedi11,0.031795751166839255,0.38154901400207103,0.04543018207318238,0.0,0.0,0.06879011278195488,0.13629545833333334,1.6355455,0.20299844626201838,0.082955,0.0,0.15721875000000002,9.467188466295609,132.54063852813852,10.029872890401206,7.270833333333334,2.8785714285714286,12.478571428571428
lagedi12,0.009525393419170244,0.11430472103004292,0.028787351399004915,0.0,0.0,0.0,0.07622041666666667,0.914645,0.09711298566052591,0.060375,0.0,0.105015,9.709580498866213,135.93412698412698,13.347595297912772,5.375,4.258928571428571,9.079365079365079
lagedi13,25000.038888333336,300000.46666000003,86602.52813183937,0.0,0.0,0.074995,0.09575666666666666,1.1490799999999999,0.1351743503327417,0.03125,0.0,0.13125,10.42623556998557,145.967297979798,8.840902994786141,7.1010101010101,5.515625,15.45
lagedi15,0.10416653382203606,1.2499984058644327,0.16859397726849212,0.06502643955567933,0.0,0.10845446992356264,0.31529115,3.7834938,0.46068473596796106,0.2165544,0.06818250000000001,0.3222125,20.182982890125746,282.56176046176046,20.674998808112566,16.13068181818182,5.861111111111111,26.15
lagedi16,0.022493589743589743,0.26992307692307693,0.05940439051095269,0.0,0.0,0.0,0.32757600000000003,3.930912,0.4728266143430284,0.2,0.0,0.40653125,18.19782003710575,254.7694805194805,13.035136830900049,14.51388888888889,10.373737373737374,19.642857142857146
lagedi17,0.016123636495083863,0.19348363794100634,0.0341996986923595,0.0,0.0,0.004578296703296703,0.2570857833333333,3.0850294,0.469391280600059,0.1248125,0.0,0.29071875,19.3319856730571,270.64779942279944,15.812142155603732,18.53333333333333,4.723214285714286,31.375
lagedi18,0.061026309523809524,0.7323157142857143,0.06194662892775762,0.0562475,0.0,0.0999925,0.24873041666666665,2.984765,0.3066079979569585,0.1500025,0.06818250000000001,0.3222125,12.59424087816945,176.3193722943723,7.884467433276892,12.366666666666667,8.633116883116884,13.541666666666666
lagedi19,16666.67770192308,200000.13242307695,57735.02344376375,0.0,0.0,0.015625,0.22537583333333333,2.70451,0.3459862089397714,0.086365,0.0,0.31884375,11.320534425891568,158.48748196248195,7.115644942675266,8.75,7.622159090909091,13.344444444444445
lagedi2,66666.67499916667,800000.0999900001,230940.10505179517,0.0,0.0,0.0,0.12594391666666666,1.5113269999999999,0.23888633922373978,0.025,0.0,0.129375,16.80364615543187,235.25104617604617,22.369631738699457,10.776785714285715,3.6319444444444446,21.237499999999997
lagedi21,0.01211328320802005,0.1453593984962406,0.028310623326668654,0.0,0.0,0.0,0.24793166666666666,2.97518,0.2964524222763496,0.1748125,0.0,0.334703,9.793962585034013,137.1154761904762,9.382101083705773,8.095238095238095,3.625,10.056249999999999
lagedi22,0.10505120952119167,1.2606145142543,0.1974380237915579,0.04111738317757009,0.0,0.10173529411764706,0.28982385,3.4778862,0.4642358640781811,0.1457381,0.06818250000000001,0.309375,15.253242888064317,213.54540043290044,16.15129248322361,11.668831168831169,4.333333333333333,19.583333333333332
lagedi23,0.12394702199260016,1.487364263911202,0.20034905486750382,0.07160261976047905,0.0,0.10548475609756097,0.22535965,2.7043158,0.30848106951026555,0.10000250000000001,0.0416625,0.26287499999999997,18.16930400948258,254.37025613275614,19.74373156190449,11.899999999999999,8.185267857142858,16.010416666666668
lagedi24,0.020038988095238096,0.24046785714285715,0.037403973076369904,0.0,0.0,0.014285714285714287,0.1789110833333333,2.1469329999999998,0.18817453238342244,0.15656250000000002,0.0,0.3222125,12.901530612244898,180.62142857142857,10.066000918930106,10.17142857142857,6.785416666666666,17.552083333333332
lagedi3,0.021063541666666668,0.2527625,0.03865999645008822,0.0,0.0,0.017359375,0.13982370833333332,1.6778845,0.22237459408419782,0.05682,0.0,0.22248337499999998,11.286866110080396,158.01612554112555,8.580192946675155,9.45,5.291666666666667,18.545833333333334
lagedi4,0.026767018027178773,0.32120421632614526,0.0401681585241423,0.0,0.0,0.07051407829919626,0.1944253916666667,2.3331047000000003,0.28716741426951775,0.08466,0.0,0.25929455,11.710085549371263,163.9411976911977,6.763094076085418,11.571428571428571,7.027777777777778,16.166666666666664
lagedi5,8333.349280792701,100000.19136951242,28867.508437353204,0.0,0.0,0.03282392001710864,0.09959316666666666,1.195118,0.14199170148724333,0.045875,0.0,0.1131825,8.139533085961657,113.9534632034632,7.324865645500948,6.566666666666666,3.40625,11.576704545454545
lagedi6,0.021104818114910325,0.2532578173789239,0.03595677164848441,0.0,0.0,0.028628398939825266,0.19331541666666666,2.319785,0.3375292778375498,0.082955,0.0,0.18075,12.57317563388992,176.02445887445887,7.278013442093722,11.535714285714285,8.34375,16.914583333333333
lagedi7,8332.521429404762,99990.25715285714,28864.61995968168,0.0,0.0,0.014285714285714287,0.08871797666666666,1.06461572,0.1304181074013295,0.03125036,0.0,0.11240625000000001,9.841656359513504,137.78318903318905,7.340694732969328,8.116071428571429,4.833333333333334,14.833333333333334
lagedi8,16666.709982209864,200000.51978651836,57735.01327812121,0.06823575916230368,0.0,0.0999925,0.17293786666666666,2.0752544,0.21662790634524082,0.07841,0.0,0.263325,11.385474644403216,159.396645021645,8.816462705607186,9.058441558441558,6.637499999999999,13.705357142857142
lagedi9,0.02709878759398496,0.32518545112781955,0.05980534248559731,0.0,0.0,0.01249875,0.17368041666666667,2.084165,0.36976586862781613,0.053975,0.0,0.15388125,11.29438517831375,158.1213924963925,8.014205281991408,9.330357142857142,6.056818181818182,17.225
maleva18,0.0,0.0,0.0,0.0,0.0,0.0,0.034689583333333336,0.416275,0.06446948314224946,0.0,0.0,0.025,4.259183673469388,59.62857142857143,8.518629358214435,0.0,0.0,5.321428571428571
maleva2,0.016665,0.19998,0.03892105471335534,0.0,0.0,0.0,0.0387525,0.46503,0.06089859367311889,0.0,0.0,0.0700225,8.32202380952381,116.50833333333333,28.00635794862299,0.0,0.0,2.2020833333333334
maleva25,0.044443611111111114,0.5333233333333334,0.09026698150719827,0.0,0.0,0.0416625,0.0559025,0.67083,0.09425524573055483,0.0,0.0,0.103125,7.343849206349207,102.8138888888889,10.339243851092752,2.75,0.0,9.628472222222221
maleva7,0.017035703703703702,0.20442844444444444,0.046795110942967205,0.0,0.0,0.0,0.11221270833333334,1.3465525,0.18395122292415875,0.004545,0.0,0.140625,8.149020820449392,114.08629148629149,8.674932732522528,5.9375,0.11363636363636363,13.2375
peetri1,0.030995873015873015,0.37195047619047616,0.0617599152217156,0.0,0.0,0.025394285714285713,0.10993854166666667,1.3192625,0.15943806149346387,0.055015,0.0,0.121869375,6.5887471655328795,92.24246031746031,6.9436396247518015,3.875,1.3708333333333333,8.654761904761905
peetri10,8333.379340155823,100000.55208186987,28867.498971150446,0.05488172932330827,0.0,0.085,0.2087929083333333,2.5055148999999997,0.3167172157908676,0.1125,0.0,0.266451375,14.969915996701712,209.57882395382396,10.11485571953723,14.645833333333332,8.375,18.90909090909091
peetri11,0.005555,0.06666,0.019243084472090225,0.0,0.0,0.0,0.07782416666666665,0.9338899999999999,0.12512260063694133,0.004545,0.0,0.11145,6.425056689342404,89.95079365079366,7.608458828904658,3.9375,0.5714285714285714,9.783333333333333
peetri12,0.02015420426065163,0.24185045112781955,0.037200544643155725,0.0,0.0,0.016667500000000002,0.05293833333333334,0.63526,0.06478930728043623,0.01818,0.0,0.10500000000000001,4.353741496598639,60.95238095238095,4.3960556212754565,3.701388888888889,1.90625,5.0
peetri13,0.0566053329842675,0.67926399581121,0.07124262933213053,0.0249975,0.0,0.10188172043010753,0.2616898416666667,3.1402781,0.3357927212345721,0.1625,0.0,0.35524500000000003,9.301323180787465,130.2185245310245,8.067624508451177,6.597222222222222,4.46875,12.55
peetri14,0.03292383721400275,0.395086046568033,0.046434524619743234,0.0,0.0,0.07831296992481203,0.12011108333333333,1.441333,0.1395145947656949,0.0906119,0.0,0.16873749999999998,6.6352569057926205,92.89359668109668,5.686436867876627,5.316666666666666,3.0238095238095237,10.578125
peetri15,0.0718607113406657,0.8623285360879884,0.10461311831949337,0.0,0.0,0.13562352071005918,0.32040830833333334,3.8448997,0.3684789226972208,0.29381250000000003,0.04773,0.42498800000000003,17.275764017728303,241.86069624819626,13.792466909304459,15.252083333333333,10.44375,19.9375
peetri17,0.03402177279507738,0.40826127354092856,0.06079824475404547,0.0,0.0,0.06505209677419355,0.126948225,1.5233787,0.1468573545509329,0.038635,0.0,0.28372912499999997,9.58571557410843,134.20001803751802,7.1844329442783526,9.647321428571429,3.6233766233766236,14.025
peetri19,0.016665833333333335,0.19999,0.038923001019106084,0.0,0.0,0.0,0.09172979166666667,1.1007575,0.10332055652444402,0.0722225,0.0,0.15388125,7.694940476190476,107.72916666666667,8.346278090927168,5.992063492063492,2.921875,7.3125
peetri22,0.035432120927318296,0.4251854511278195,0.0625883942450306,0.0,0.0,0.05629136278195489,0.10153083333333333,1.21837,0.14111741894982563,0.038635,0.0,0.15721875000000002,7.66380772005772,107.29330808080809,5.329163784110844,7.5,3.8666666666666667,9.86111111111111
peetri23,0.03333333333333333,0.4,0.08876253645985946,0.0,0.0,0.0,0.08480416666666667,1.01765,0.09287371606437456,0.06420500000000001,0.0,0.16998749999999999,6.732784477427335,94.25898268398268,8.565400110634636,3.705357142857143,2.0666666666666664,7.7125
peetri24,0.004761428571428571,0.05713714285714285,0.016494072404648764,0.0,0.0,0.0,0.12179083333333333,1.46149,0.14952822734176213,0.055115,0.0,0.24562499999999998,7.670428777571635,107.38600288600288,6.746148596326912,5.901785714285714,3.03125,10.931818181818182
peetri26,0.0083325,0.09999,0.02886462670813534,0.0,0.0,0.0,0.13702416666666664,1.6442899999999998,0.2541684152632349,0.036365,0.0,0.16998749999999999,10.297366522366522,144.16313131313132,13.479571933236281,5.6010101010101,0.3125,11.612499999999999
peetri27,0.04504457484436899,0.5405348981324278,0.0874067545726459,0.0,0.0,0.05629136278195489,0.15959625,1.915155,0.2139122949750137,0.10425000000000001,0.0,0.1975,12.712806637806636,177.9792929292929,11.596350559521886,10.3,6.8125,14.75
peetri29,0.018312375249501,0.21974850299401197,0.03456973839187706,0.0,0.0,0.014968562874251497,0.09439291666666666,1.132715,0.1748423270531368,0.0,0.0,0.12,5.1217377860235,71.704329004329,7.276197236895633,1.380952380952381,0.0,8.875
peetri31,0.04098628759398496,0.49183545112781957,0.0871506196232812,0.0,0.0,0.043792612781954884,0.10578325,1.269399,0.14433841593291344,0.013255000000000001,0.0,0.18721875,8.982812822098536,125.75937950937951,9.61556618527513,5.263888888888889,1.9147727272727273,14.01875
peetri33,0.0,0.0,0.0,0.0,0.0,0.0,0.2548154166666667,3.057785,0.4718437095704193,0.07727500000000001,0.0,0.30834,11.730685683364255,164.22959956709957,7.157419013001574,10.48989898989899,6.652777777777778,15.534375
peetri34,0.0083325,0.09999,0.028864626708135343,0.0,0.0,0.0,0.05044708333333334,0.605365,0.07513841326204512,0.0,0.0,0.11240625000000001,3.9210935889507317,54.89531024531024,6.691690092601021,0.5909090909090909,0.0,4.675
peetri35,0.05163690170940171,0.6196428205128205,0.08607270180944675,0.01111,0.0,0.06666166666666666,0.17305458333333334,2.076655,0.25112953332220567,0.10000250000000001,0.0,0.1875,8.202027932385075,114.82839105339104,6.956170180147143,7.023809523809524,2.9488636363636362,11.75
peetri37,0.006265037593984962,0.07518045112781954,0.021702726848222057,0.0,0.0,0.0,0.14598041666666667,1.751765,0.21420518328821522,0.04318,0.0,0.18721875,7.8205859616573905,109.48820346320346,6.039997094690743,5.006944444444445,3.9744318181818183,8.0625
peetri39,0.005555,0.06666,0.019243084472090225,0.0,0.0,0.0,0.13086625,1.570395,0.2224587189399111,0.004545,0.0,0.14437499999999998,7.574768089053803,106.04675324675324,11.785047043373092,4.785714285714286,1.827922077922078,7.7
peetri40,0.012384918032786884,0.1486190163934426,0.029108264418506172,0.0,0.0,0.0,0.08652916666666667,1.03835,0.1925358484428447,0.0,0.0,0.0659125,5.056668728097299,70.79336219336219,8.437264567909015,0.12698412698412698,0.0,7.329545454545455
peetri42,0.014597537593984961,0.17517045112781954,0.0345003861455186,0.0,0.0,0.0,0.061212083333333334,0.734545,0.07529321705108312,0.00909,0.0,0.12740625,4.985719439290868,69.80007215007215,7.960659490483419,2.587301587301587,1.2708333333333333,5.6
peetri44,0.017025354291417164,0.20430425149700598,0.033138123372755214,0.0,0.0,0.01111,0.10816358333333333,1.297963,0.16304936818544943,0.0358575,0.0,0.13696875,5.161659967017109,72.26323953823953,6.292747308787652,3.553571428571429,2.8541666666666665,5.033333333333333
peetri46,0.021056839919566358,0.2526820790347963,0.03853860721146235,0.0,0.0,0.018795112781954885,0.09839489166666666,1.1807387,0.15228331075947918,0.0613125,0.0,0.11240625000000001,8.826690373118945,123.57366522366522,7.907082653242732,4.777777777777778,3.192857142857143,15.81875
peetri48,0.0451533709273183,0.5418404511278195,0.08822959015009058,0.0,0.0,0.0687976127819549,0.141834625,1.7020155,0.15744560551145692,0.09375,0.0,0.249576375,10.457672387136672,146.4074134199134,8.089446852667113,8.441964285714285,6.791666666666666,11.287500000000001
peetri5,0.03243324773973618,0.38919897287683414,0.06226149023267353,0.0,0.0,0.03193019119608715,0.15005800833333333,1.8006961,0.1826570137861991,0.086365,0.0,0.25340625,13.755560709132139,192.57784992784994,12.440044453644418,10.84090909090909,7.291666666666667,16.4375
peetri50,0.051532150335516204,0.6183858040261945,0.06612395356027134,0.028568571428571426,0.0,0.07338709677419356,0.184170525,2.2100463,0.21562533649647156,0.11,0.0,0.27825,12.980683106575965,181.7295634920635,9.118973350338758,13.5,5.5,18.328125
peetri52,0.021427261904761907,0.2571271428571429,0.0401736260850714,0.0,0.0,0.014284285714285713,0.14718604166666668,1.7662325,0.20331109938024206,0.03182,0.0,0.271875,6.469258915687488,90.56962481962482,5.752886719543121,5.891666666666667,3.833333333333333,8.166666666666666
peetri55,0.024998333333333334,0.29998,0.04522368664022575,0.0,0.0,0.0249975,0.07033625,0.844035,0.07052521158245469,0.06638,0.0,0.12740625,8.82561456400742,123.55860389610389,8.107598547450849,7.03125,3.1805555555555554,12.05
peetri56,0.099816555967408,1.197798671608896,0.14015838004955292,0.07856357142857143,0.0,0.10725483870967742,0.22733984166666665,2.7280781,0.3017408409809965,0.09600230000000001,0.046875,0.307995,14.270123428159142,199.781727994228,12.918699756658421,10.852272727272727,6.411111111111111,15.87142857142857
peetri57,0.06110944444444444,0.7333133333333333,0.11792193395095761,0.0,0.0,0.09999,0.15611250000000002,1.87335,0.19468724730028836,0.07272500000000001,0.0,0.23090624999999998,13.181243558029271,184.5374098124098,15.29110902960765,8.66969696969697,2.647321428571429,16.61111111111111
peetri6,0.019444166666666665,0.23332999999999998,0.04596505420787985,0.0,0.0,0.0,0.07769958333333334,0.932395,0.09153942326218929,0.0404025,0.0,0.1316625,5.903367862296434,82.64715007215007,6.282161510322167,4.125,2.4375,6.2785714285714285
peetri61,0.05376088235294118,0.6451305882352941,0.11608964786273308,0.0,0.0,0.056767941176470584,0.24007416666666667,2.88089,0.48727862875843114,0.025,0.0,0.19549499999999997,7.466754277468563,104.53455988455988,8.758106465059468,4.0,0.0,11.781746031746032
peetri62,0.094521467065383,1.134257604784596,0.13989984064595848,0.07757336283185841,0.0,0.10357142857142858,0.198989525,2.3878743,0.2194679732990137,0.10625,0.0,0.4166375,12.612938054009481,176.58113275613275,11.707177831141866,8.488888888888889,5.613636363636363,16.919642857142854
peetri63,8333.379937338874,100000.5592480665,28867.49878308634,0.06082626728110599,0.0,0.07819414893617023,0.19327522500000002,2.3193027,0.29162109728351937,0.09090999999999999,0.0,0.2630094,14.285211811997527,199.99296536796538,10.925915711475943,11.761904761904763,9.912500000000001,14.383333333333333
peetri64,50000.057956779456,600000.6954813534,173205.06250526008,0.028568571428571426,0.0,0.11804887218045113,0.12574604166666667,1.5089525,0.15702477332580625,0.07727500000000001,0.0,0.17475000000000002,14.285044320758605,199.99062049062047,18.130752543953832,10.98611111111111,4.456060606060606,15.342857142857142
peetri65,0.08479060077519379,1.0174872093023255,0.16907791784389947,0.01291860465116279,0.0,0.0999925,0.11685214166666667,1.4022257,0.17292340911604062,0.06262285000000001,0.0,0.11437499999999999,10.688901772830345,149.64462481962482,10.773355206624425,9.225,1.9910714285714286,12.320075757575758
peetri67,25000.061856955745,300000.74228346895,86602.5208985837,0.07792516759776535,0.0,0.13149151696606787,0.25027069166666666,3.0032483,0.43126945552213536,0.09090999999999999,0.0,0.25340175,13.990540610183468,195.86756854256853,10.599544373894274,13.61111111111111,5.46875,18.4375
peetri68,0.04528706008583691,0.5434447210300429,0.06320199731390035,0.007152360515021459,0.0,0.07499249999999999,0.14875583333333334,1.78507,0.1841418112344314,0.08124999999999999,0.006817500000000001,0.22499999999999998,11.943190836940838,167.20467171717172,10.62755273319057,10.625,4.330357142857142,17.127777777777776
peetri69,0.07711390211640211,0.9253668253968254,0.09921100628070421,0.03333333333333333,0.0,0.11468253968253969,0.18856708333333336,2.262805,0.20984918286125842,0.1,0.0,0.421335,11.79675840032983,165.1546176046176,10.15532286876974,11.1,5.364285714285714,14.19034090909091
peetri7,0.012774840319361276,0.1532980838323353,0.03839924498315083,0.0,0.0,0.0,0.09228208333333333,1.107385,0.16026505187371123,0.01818,0.0,0.08762500000000001,11.208210935889507,156.9149531024531,11.528212843934313,6.602678571428571,1.2954545454545454,19.0
peetri72,0.07294147359003247,0.8752976830803897,0.0938631973079112,0.03333,0.0,0.12539240506329113,0.2583207583333333,3.0998490999999997,0.3413748589539216,0.10625,0.0,0.45836,13.46018217893218,188.44255050505052,9.662054688658843,12.585858585858585,4.914285714285714,20.89375
peetri73,8333.393313654953,100000.71976385944,28867.49457066193,0.07078505617977529,0.0,0.12669379391100705,0.15192166666666668,1.8230600000000001,0.20022585587432523,0.082955,0.0,0.20174999999999998,13.524126468769326,189.33777056277057,11.044042381435455,10.59090909090909,7.20625,19.02916666666667
peetri74,0.020429853479853478,0.24515824175824175,0.03458164847497338,0.0,0.0,0.030309752747252748,0.17408083333333332,2.0889699999999998,0.22146452342442133,0.09716,0.0,0.2322125,10.739929911358484,150.35901875901877,10.296872811853014,9.133333333333333,3.866071428571429,14.1875
peetri76,0.010763333333333333,0.12916,0.025153372205995228,0.0,0.0,0.0,0.12019010833333334,1.4422813,0.22606066304856984,0.025,0.0,0.075,12.184499330035043,170.58299062049062,18.160844847734495,7.943181818181818,4.046875,11.527777777777779
peetri77,0.013887499999999999,0.16665,0.033203509980121074,0.0,0.0,0.0,0.2264775583333333,2.7177306999999997,0.384655083431537,0.07500000000000001,0.0,0.24612,14.354755462791177,200.96657647907648,17.60149537561183,9.25,4.080357142857143,20.31818181818182
peetri78,0.0083325,0.09999,0.028864626708135343,0.0,0.0,0.0,0.15183166666666667,1.82198,0.18246032205452892,0.1,0.0,0.22499999999999998,20.387492269635125,285.42489177489176,14.497040132695451,22.479166666666664,5.862500000000001,30.979166666666664
peetri79,0.04269032237673831,0.5122838685208597,0.06503503760152408,0.0,0.0,0.09136254424778761,0.11699534166666666,1.4039441,0.16048095033163995,0.060419,0.0,0.1812375,9.723590496804784,136.13026695526696,7.9370221088511075,8.314285714285713,5.34375,11.76388888888889
peetri81,0.0282588768115942,0.3391065217391304,0.04275589679553921,0.0,0.0,0.0681091304347826,0.18576113333333333,2.2291336,0.2148549498512779,0.10625,0.0,0.29071875,13.874855699855699,194.24797979797978,11.291728344590878,11.621212121212121,6.175,14.75
peetri82,0.12009266043309835,1.4411119251971802,0.14133305579954664,0.099995,0.0,0.15878055531714017,0.2751100083333333,3.3013201,0.24639347275405007,0.25649999999999995,0.06818250000000001,0.506317275,20.410643424036284,285.74900793650795,12.9469502431883,16.483333333333334,11.364285714285714,25.23611111111111
peetri83,50000.0575372619,600000.6904471428,173205.0626373603,0.083325,0.0,0.1,0.12639525,1.516743,0.1528210751762424,0.076705,0.0,0.19124999999999998,15.35123299319728,214.91726190476192,20.09224875029443,9.35,5.223958333333333,14.6875
peetri85,0.038149947441093936,0.45779936929312726,0.045040821640709265,0.010614649681528662,0.0,0.07744505244755245,0.11433292499999999,1.3719951,0.1665239100931816,0.06591,0.0,0.129375,7.879158936301793,110.3082251082251,4.821748206238398,7.320833333333333,5.553571428571429,12.445454545454545
peetri86,0.03590048095298764,0.4308057714358517,0.0869430010621525,0.0,0.0,0.014970059880239523,0.08778493333333333,1.0534192,0.10379853154881187,0.050570000000000004,0.0,0.14332499999999998,7.73268784786642,108.25762987012988,11.034742194707146,3.7386363636363638,0.16666666666666666,9.734375
peetri87,66666.73681030913,800000.8417237095,230940.08558634657,0.08590181976680833,0.0,0.1,0.13798926666666667,1.6558712,0.16585045683500724,0.08182,0.0,0.1980069,17.383928571428573,243.375,14.247720040485952,13.819444444444445,8.392857142857142,19.041666666666668
peetri88,0.08606277774532346,1.0327533329438816,0.1183475250058912,0.06944084880636604,0.0,0.10089923575129534,0.30612895833333337,3.6735475,0.2912651965384232,0.3309375,0.07500000000000001,0.40653125,22.557136415172128,315.7999098124098,16.020547627428154,16.011363636363637,14.642857142857142,22.708333333333336
peetri89,41666.71041416667,500000.52497,144337.55352052508,0.049995,0.0,0.0999925,0.09638666666666666,1.15664,0.14335239024124707,0.034845,0.0,0.129375,11.999489795918366,167.99285714285713,13.631494786559871,7.966666666666667,5.633928571428571,12.083333333333332
peetri9,0.061807160369574975,0.7416859244348997,0.09214479232978041,0.022933486238532107,0.0,0.07338709677419356,0.26126892500000004,3.1352271000000003,0.40520949350255214,0.1439375,0.0,0.312504375,10.91518759018759,152.81262626262628,8.184372361717767,8.660714285714285,4.8358585858585865,14.608333333333333
peetri90,0.054483210783740875,0.6537985294048905,0.09214977127554355,0.0,0.0,0.06312153561729002,0.21404791666666667,2.568575,0.2251885276976356,0.1439375,0.009375000000000001,0.3717125,14.430668934240362,202.02936507936508,12.902516038996144,11.591666666666667,6.677083333333334,17.080357142857142
peetri91,8333.351736427056,100000.22083712467,28867.507664030072,0.0,0.0,0.05878070973612375,0.10985625,1.318275,0.1483660760221303,0.027275,0.0,0.17803125000000003,12.137002679859823,169.91803751803752,8.500370219793982,10.791666666666668,7.895833333333333,16.1875
peetri92,50000.07132582544,600000.8559099053,173205.058295102,0.07925897556390978,0.0,0.13064766129032257,0.25808375,3.097005,0.3656621773567721,0.1248125,0.0,0.306375,18.86479849515564,264.10717893217895,16.825113241380986,13.5,9.318181818181818,18.4375
peetri93,0.08246202349170027,0.9895442819004032,0.13948957274213142,0.04597749809305874,0.0,0.0999925,0.28216335833333334,3.3859603,0.3648491835187332,0.1439375,0.07480822499999999,0.35,14.868692022263449,208.1616883116883,9.949122937267797,10.87012987012987,9.4875,16.1875
peetri94,58333.41818760877,700001.0182513052,202072.56749422473,0.08758522556390977,0.0,0.18250535591576053,0.1894866083333333,2.2738392999999997,0.1968391290671947,0.1248125,0.0,0.315,15.219007678829106,213.0661075036075,15.761224698615065,10.46875,7.859523809523809,16.5125
peetri96,0.09678758265844606,1.1614509919013527,0.1424766696044937,0.07402191955298082,0.0,0.10090673575129534,0.20280225,2.433627,0.20516719681058576,0.1248125,0.0,0.36290625,15.33466553287982,214.68531746031746,11.184843029647881,13.25,9.270833333333334,16.958333333333332
peetri97,41666.72422692307,500000.69072307687,144337.54917064487,0.05162653846153846,0.0,0.121875,0.13332125,1.599855,0.163880275757598,0.0875,0.0,0.18,13.672040558647703,191.40856782106783,12.929612518232506,8.570833333333333,6.246875,18.09722222222222
peetri98,0.01564027831589823,0.18768333979077878,0.03326271022037447,0.0,0.0,0.004681179775280898,0.163843875,1.9661265,0.27378849555684115,0.09090999999999999,0.0,0.145125,12.125690579262008,169.7596681096681,9.703553777053859,9.805555555555555,4.25,17.740909090909092
