student_id,episode_id,addmat_used,hints_used,task_complexity,tasks_completed,total_activity_count,total_hints,total_materials,total_tasks,adjusted_hints_used,adjusted_tasks_completed,adjusted_activities
keila1,1,0.0,0.0,1.43,87.5,42,3.0,2.0,8,0.0,0.375375,5.25
keila2,1,0.0,66.67,1.43,87.5,75,3.0,2.0,8,0.13986713286713287,0.375375,9.375
keila3,1,0.0,0.0,1.33,37.5,28,3.0,2.0,8,0.0,0.149625,3.5
keila4,1,0.0,66.67,1.5,50.0,73,3.0,2.0,8,0.13334,0.22499999999999998,9.125
keila5,1,0.0,33.33,1.5,50.0,41,3.0,2.0,8,0.06666,0.22499999999999998,5.125
keila6,1,0.0,0.0,1.43,87.5,91,3.0,2.0,8,0.0,0.375375,11.375
keila7,1,0.0,0.0,1.33,75.0,57,3.0,2.0,8,0.0,0.29925,7.125
keila8,1,0.0,0.0,1.33,75.0,60,3.0,2.0,8,0.0,0.29925,7.5
keila9,1,0.0,0.0,1.5,50.0,34,3.0,2.0,8,0.0,0.22499999999999998,4.25
keila11,1,0.0,0.0,1.43,87.5,60,3.0,2.0,8,0.0,0.375375,7.5
keila12,1,0.0,0.0,1.33,37.5,30,3.0,2.0,8,0.0,0.149625,3.75
keila13,1,0.0,0.0,1.33,37.5,32,3.0,2.0,8,0.0,0.149625,4.0
keila14,1,0.0,66.67,1.43,87.5,64,3.0,2.0,8,0.13986713286713287,0.375375,8.0
keila15,1,0.0,0.0,1e-06,0.0,4,3.0,2.0,8,0.0,0.0,0.5
keila16,1,0.0,33.33,1.43,87.5,60,3.0,2.0,8,0.06992307692307692,0.375375,7.5
keila19,1,0.0,66.67,1.43,87.5,51,3.0,2.0,8,0.13986713286713287,0.375375,6.375
keila20,1,0.0,100.0,1.43,87.5,109,3.0,2.0,8,0.2097902097902098,0.375375,13.625
lagedi2,1,0.0,0.0,1.5,25.0,26,3.0,2.0,8,0.0,0.11249999999999999,3.25
lagedi3,1,0.0,33.33,1.2,62.5,69,3.0,2.0,8,0.083325,0.22499999999999998,8.625
lagedi4,1,0.0,33.33,1.33,37.5,39,3.0,2.0,8,0.07518045112781954,0.149625,4.875
lagedi5,1,0.0,0.0,1.5,75.0,89,3.0,2.0,8,0.0,0.3375,11.125
lagedi6,1,0.0,33.33,1.33,37.5,67,3.0,2.0,8,0.07518045112781954,0.149625,8.375
lagedi7,1,0.0,0.0,1.33,37.5,50,3.0,2.0,8,0.0,0.149625,6.25
lagedi8,1,0.0,33.33,1.2,62.5,54,3.0,2.0,8,0.083325,0.22499999999999998,6.75
lagedi9,1,0.0,33.33,1.33,37.5,83,3.0,2.0,8,0.07518045112781954,0.149625,10.375
lagedi10,1,0.0,33.33,1.6,62.5,88,3.0,2.0,8,0.062493749999999994,0.30000000000000004,11.0
lagedi11,1,0.0,33.33,1.33,37.5,59,3.0,2.0,8,0.07518045112781954,0.149625,7.375
lagedi12,1,0.0,0.0,1.33,37.5,38,3.0,2.0,8,0.0,0.149625,4.75
lagedi13,1,0.0,33.33,1.5,50.0,44,3.0,2.0,8,0.06666,0.22499999999999998,5.5
lagedi15,1,0.0,33.33,1.33,37.5,29,3.0,2.0,8,0.07518045112781954,0.149625,3.625
lagedi16,1,50.0,33.33,1.43,87.5,75,3.0,2.0,8,0.06992307692307692,0.375375,9.375
lagedi17,1,0.0,33.33,1.33,37.5,34,3.0,2.0,8,0.07518045112781954,0.149625,4.25
lagedi18,1,0.0,33.33,1.2,62.5,55,3.0,2.0,8,0.083325,0.22499999999999998,6.875
lagedi19,1,0.0,33.33,1.43,87.5,65,3.0,2.0,8,0.06992307692307692,0.375375,8.125
lagedi21,1,0.0,33.33,1.33,37.5,35,3.0,2.0,8,0.07518045112781954,0.149625,4.375
lagedi22,1,0.0,33.33,1.5,75.0,48,3.0,2.0,8,0.06666,0.3375,6.0
lagedi23,1,50.0,33.33,1.2,62.5,52,3.0,2.0,8,0.083325,0.22499999999999998,6.5
lagedi24,1,0.0,33.33,1.2,62.5,53,3.0,2.0,8,0.083325,0.22499999999999998,6.625
maleva2,1,0.0,0.0,1.5,25.0,21,3.0,2.0,8,0.0,0.11249999999999999,2.625
maleva7,1,0.0,0.0,1.5,25.0,51,3.0,2.0,8,0.0,0.11249999999999999,6.375
maleva18,1,0.0,0.0,1.33,37.5,53,3.0,2.0,8,0.0,0.149625,6.625
maleva25,1,0.0,33.33,1.5,25.0,69,3.0,2.0,8,0.06666,0.11249999999999999,8.625
peetri1,1,0.0,33.33,1.75,50.0,52,3.0,2.0,8,0.05713714285714285,0.2625,6.5
peetri5,1,0.0,33.33,1.43,87.5,68,3.0,2.0,8,0.06992307692307692,0.375375,8.5
peetri6,1,0.0,66.67,1.5,50.0,67,3.0,2.0,8,0.13334,0.22499999999999998,8.375
peetri7,1,0.0,66.67,1.5,75.0,44,3.0,2.0,8,0.13334,0.3375,5.5
peetri9,1,0.0,33.33,1.67,37.5,28,3.0,2.0,8,0.05987425149700599,0.187875,3.5
peetri10,1,0.0,33.33,1.75,50.0,64,3.0,2.0,8,0.05713714285714285,0.2625,8.0
peetri11,1,0.0,33.33,1.5,25.0,31,3.0,2.0,8,0.06666,0.11249999999999999,3.875
peetri12,1,0.0,33.33,1.33,37.5,128,3.0,2.0,8,0.07518045112781954,0.149625,16.0
peetri13,1,0.0,33.33,2.0,37.5,34,3.0,2.0,8,0.049995,0.225,4.25
peetri14,1,0.0,33.33,1.33,37.5,28,3.0,2.0,8,0.07518045112781954,0.149625,3.5
peetri15,1,0.0,0.0,1.43,87.5,81,3.0,2.0,8,0.0,0.375375,10.125
peetri17,1,0.0,33.33,1.5,75.0,43,3.0,2.0,8,0.06666,0.3375,5.375
peetri19,1,0.0,0.0,1.33,37.5,38,3.0,2.0,8,0.0,0.149625,4.75
peetri22,1,0.0,33.33,1.33,37.5,36,3.0,2.0,8,0.07518045112781954,0.149625,4.5
peetri23,1,0.0,0.0,1.75,50.0,33,3.0,2.0,8,0.0,0.2625,4.125
peetri24,1,0.0,33.33,1.75,50.0,51,3.0,2.0,8,0.05713714285714285,0.2625,6.375
peetri26,1,0.0,0.0,1.2,62.5,86,3.0,2.0,8,0.0,0.22499999999999998,10.75
peetri27,1,0.0,33.33,1.33,37.5,54,3.0,2.0,8,0.07518045112781954,0.149625,6.75
peetri29,1,0.0,33.33,1.67,37.5,50,3.0,2.0,8,0.05987425149700599,0.187875,6.25
peetri31,1,0.0,33.33,1.33,37.5,125,3.0,2.0,8,0.07518045112781954,0.149625,15.625
peetri33,1,0.0,0.0,1.2,62.5,52,3.0,2.0,8,0.0,0.22499999999999998,6.5
peetri34,1,0.0,0.0,1.33,37.5,36,3.0,2.0,8,0.0,0.149625,4.5
peetri35,1,0.0,33.33,1.5,25.0,22,3.0,2.0,8,0.06666,0.11249999999999999,2.75
peetri37,1,0.0,33.33,1.33,37.5,41,3.0,2.0,8,0.07518045112781954,0.149625,5.125
peetri39,1,0.0,33.33,1.5,25.0,22,3.0,2.0,8,0.06666,0.11249999999999999,2.75
peetri40,1,0.0,33.33,1.5,50.0,108,3.0,2.0,8,0.06666,0.22499999999999998,13.5
peetri42,1,0.0,33.33,1.33,37.5,40,3.0,2.0,8,0.07518045112781954,0.149625,5.0
peetri44,1,0.0,33.33,1.67,37.5,26,3.0,2.0,8,0.05987425149700599,0.187875,3.25
peetri46,1,0.0,33.33,1.33,37.5,34,3.0,2.0,8,0.07518045112781954,0.149625,4.25
peetri48,1,0.0,33.33,1.33,75.0,60,3.0,2.0,8,0.07518045112781954,0.29925,7.5
peetri50,1,0.0,33.33,1.75,50.0,50,3.0,2.0,8,0.05713714285714285,0.2625,6.25
peetri52,1,0.0,33.33,1.75,50.0,28,3.0,2.0,8,0.05713714285714285,0.2625,3.5
peetri55,1,0.0,0.0,1.33,37.5,41,3.0,2.0,8,0.0,0.149625,5.125
peetri56,1,0.0,33.33,1.75,50.0,82,3.0,2.0,8,0.05713714285714285,0.2625,10.25
peetri57,1,0.0,0.0,1.67,37.5,47,3.0,2.0,8,0.0,0.187875,5.875
peetri61,1,0.0,33.33,1.5,25.0,40,3.0,2.0,8,0.06666,0.11249999999999999,5.0
peetri62,1,0.0,33.33,1.5,25.0,40,3.0,2.0,8,0.06666,0.11249999999999999,5.0
peetri63,1,0.0,33.33,1.5,25.0,84,3.0,2.0,8,0.06666,0.11249999999999999,10.5
peetri64,1,0.0,33.33,1.5,25.0,49,3.0,2.0,8,0.06666,0.11249999999999999,6.125
peetri65,1,0.0,33.33,1.5,25.0,26,3.0,2.0,8,0.06666,0.11249999999999999,3.25
peetri67,1,0.0,66.67,1.67,37.5,37,3.0,2.0,8,0.11976646706586827,0.187875,4.625
peetri68,1,0.0,33.33,1.5,25.0,34,3.0,2.0,8,0.06666,0.11249999999999999,4.25
peetri69,1,0.0,0.0,1.0,12.5,79,3.0,2.0,8,0.0,0.0375,9.875
peetri72,1,0.0,33.33,1.5,25.0,31,3.0,2.0,8,0.06666,0.11249999999999999,3.875
peetri73,1,0.0,33.33,1.5,25.0,28,3.0,2.0,8,0.06666,0.11249999999999999,3.5
peetri74,1,0.0,33.33,1.5,25.0,26,3.0,2.0,8,0.06666,0.11249999999999999,3.25
peetri76,1,0.0,33.33,1.5,25.0,56,3.0,2.0,8,0.06666,0.11249999999999999,7.0
peetri77,1,0.0,33.33,1.5,25.0,38,3.0,2.0,8,0.06666,0.11249999999999999,4.75
peetri78,1,0.0,0.0,1.5,25.0,33,3.0,2.0,8,0.0,0.11249999999999999,4.125
peetri79,1,0.0,0.0,1.2,62.5,42,3.0,2.0,8,0.0,0.22499999999999998,5.25
peetri81,1,0.0,33.33,1.5,25.0,44,3.0,2.0,8,0.06666,0.11249999999999999,5.5
peetri82,1,0.0,66.67,1.4,62.5,77,3.0,2.0,8,0.14286428571428572,0.26249999999999996,9.625
peetri83,1,0.0,33.33,1.5,50.0,45,3.0,2.0,8,0.06666,0.22499999999999998,5.625
peetri85,1,0.0,33.33,1.5,25.0,25,3.0,2.0,8,0.06666,0.11249999999999999,3.125
peetri86,1,0.0,0.0,1.0,12.5,15,3.0,2.0,8,0.0,0.0375,1.875
peetri87,1,0.0,33.33,1.33,37.5,59,3.0,2.0,8,0.07518045112781954,0.149625,7.375
peetri88,1,0.0,33.33,1.43,87.5,100,3.0,2.0,8,0.06992307692307692,0.375375,12.5
peetri89,1,0.0,33.33,1.5,25.0,50,3.0,2.0,8,0.06666,0.11249999999999999,6.25
peetri90,1,0.0,33.33,1.67,37.5,59,3.0,2.0,8,0.05987425149700599,0.187875,7.375
peetri91,1,0.0,0.0,1.5,75.0,66,3.0,2.0,8,0.0,0.3375,8.25
peetri92,1,0.0,33.33,1.33,37.5,52,3.0,2.0,8,0.07518045112781954,0.149625,6.5
peetri93,1,0.0,33.33,1.2,62.5,43,3.0,2.0,8,0.083325,0.22499999999999998,5.375
peetri94,1,0.0,33.33,1.33,37.5,53,3.0,2.0,8,0.07518045112781954,0.149625,6.625
peetri96,1,0.0,33.33,1.33,37.5,47,3.0,2.0,8,0.07518045112781954,0.149625,5.875
peetri97,1,0.0,33.33,1.43,87.5,63,3.0,2.0,8,0.06992307692307692,0.375375,7.875
peetri98,1,0.0,0.0,1.5,25.0,52,3.0,2.0,8,0.0,0.11249999999999999,6.5
keila1,2,0.0,,1.0,100.0,110,,2.0,7,,,15.714285714285714
keila2,2,0.0,,1.0,100.0,155,,2.0,7,,,22.142857142857142
keila3,2,0.0,,1.0,28.57,26,,2.0,7,,,3.7142857142857144
keila4,2,0.0,,1.0,85.71,117,,2.0,7,,,16.714285714285715
keila5,2,0.0,,1.0,85.71,157,,2.0,7,,,22.428571428571427
keila6,2,0.0,,1e-06,0.0,1,,2.0,7,,,0.14285714285714285
keila7,2,0.0,,1.0,42.86,24,,2.0,7,,,3.4285714285714284
keila8,2,0.0,,1.0,42.86,39,,2.0,7,,,5.571428571428571
keila9,2,0.0,,1.0,85.71,109,,2.0,7,,,15.571428571428571
keila11,2,0.0,,1.0,100.0,95,,2.0,7,,,13.571428571428571
keila12,2,0.0,,1.0,42.86,52,,2.0,7,,,7.428571428571429
keila13,2,0.0,,1.0,100.0,80,,2.0,7,,,11.428571428571429
keila14,2,0.0,,1.0,100.0,76,,2.0,7,,,10.857142857142858
keila15,2,0.0,,1e-06,0.0,0,,2.0,7,,,0.0
keila16,2,0.0,,1.0,42.86,37,,2.0,7,,,5.285714285714286
keila19,2,0.0,,1.0,100.0,171,,2.0,7,,,24.428571428571427
keila20,2,0.0,,1.0,85.71,72,,2.0,7,,,10.285714285714286
lagedi2,2,0.0,,1e-06,0.0,0,,2.0,7,,,0.0
lagedi3,2,0.0,,1.0,28.57,10,,2.0,7,,,1.4285714285714286
lagedi4,2,0.0,,1.0,71.43,64,,2.0,7,,,9.142857142857142
lagedi5,2,0.0,,1.0,100.0,101,,2.0,7,,,14.428571428571429
lagedi6,2,0.0,,1.0,57.14,70,,2.0,7,,,10.0
lagedi7,2,0.0,,1.0,14.29,3,,2.0,7,,,0.42857142857142855
lagedi8,2,0.0,,1.0,57.14,60,,2.0,7,,,8.571428571428571
lagedi9,2,0.0,,1.0,42.86,58,,2.0,7,,,8.285714285714286
lagedi10,2,0.0,,1.0,14.29,10,,2.0,7,,,1.4285714285714286
lagedi11,2,0.0,,1.0,71.43,75,,2.0,7,,,10.714285714285714
lagedi12,2,0.0,,1.0,57.14,30,,2.0,7,,,4.285714285714286
lagedi13,2,0.0,,1.0,57.14,44,,2.0,7,,,6.285714285714286
lagedi15,2,0.0,,1.0,14.29,3,,2.0,7,,,0.42857142857142855
lagedi16,2,0.0,,1.0,100.0,90,,2.0,7,,,12.857142857142858
lagedi17,2,0.0,,1.0,14.29,5,,2.0,7,,,0.7142857142857143
lagedi18,2,0.0,,1.0,57.14,46,,2.0,7,,,6.571428571428571
lagedi19,2,0.0,,1.0,57.14,51,,2.0,7,,,7.285714285714286
lagedi21,2,100.0,,1.0,57.14,55,,2.0,7,,,7.857142857142857
lagedi22,2,0.0,,1.0,42.86,59,,2.0,7,,,8.428571428571429
lagedi23,2,100.0,,1.0,100.0,70,,2.0,7,,,10.0
lagedi24,2,50.0,,1.0,57.14,64,,2.0,7,,,9.142857142857142
maleva2,2,0.0,,1e-06,0.0,0,,2.0,7,,,0.0
maleva7,2,0.0,,1e-06,0.0,0,,2.0,7,,,0.0
maleva18,2,0.0,,1.0,42.86,38,,2.0,7,,,5.428571428571429
maleva25,2,0.0,,1e-06,0.0,0,,2.0,7,,,0.0
peetri1,2,100.0,,1.0,71.43,58,,2.0,7,,,8.285714285714286
peetri5,2,50.0,,1.0,85.71,64,,2.0,7,,,9.142857142857142
peetri6,2,50.0,,1.0,42.86,32,,2.0,7,,,4.571428571428571
peetri7,2,0.0,,1.0,71.43,50,,2.0,7,,,7.142857142857143
peetri9,2,50.0,,1.0,85.71,60,,2.0,7,,,8.571428571428571
peetri10,2,0.0,,1.0,28.57,19,,2.0,7,,,2.7142857142857144
peetri11,2,0.0,,1.0,28.57,28,,2.0,7,,,4.0
peetri12,2,0.0,,1.0,57.14,35,,2.0,7,,,5.0
peetri13,2,0.0,,1.0,14.29,3,,2.0,7,,,0.42857142857142855
peetri14,2,0.0,,1.0,28.57,24,,2.0,7,,,3.4285714285714284
peetri15,2,0.0,,1.0,100.0,81,,2.0,7,,,11.571428571428571
peetri17,2,100.0,,1.0,85.71,69,,2.0,7,,,9.857142857142858
peetri19,2,0.0,,1.0,28.57,11,,2.0,7,,,1.5714285714285714
peetri22,2,0.0,,1.0,42.86,46,,2.0,7,,,6.571428571428571
peetri23,2,0.0,,1.0,14.29,3,,2.0,7,,,0.42857142857142855
peetri24,2,0.0,,1.0,42.86,38,,2.0,7,,,5.428571428571429
peetri26,2,0.0,,1.0,42.86,28,,2.0,7,,,4.0
peetri27,2,0.0,,1.0,42.86,70,,2.0,7,,,10.0
peetri29,2,0.0,,1.0,14.29,3,,2.0,7,,,0.42857142857142855
peetri31,2,0.0,,1.0,14.29,3,,2.0,7,,,0.42857142857142855
peetri33,2,0.0,,1.0,42.86,45,,2.0,7,,,6.428571428571429
peetri34,2,0.0,,1.0,28.57,30,,2.0,7,,,4.285714285714286
peetri35,2,0.0,,1.0,14.29,4,,2.0,7,,,0.5714285714285714
peetri37,2,150.0,,1.0,42.86,30,,2.0,7,,,4.285714285714286
peetri39,2,0.0,,1.0,14.29,13,,2.0,7,,,1.8571428571428572
peetri40,2,0.0,,1e-06,0.0,1,,2.0,7,,,0.14285714285714285
peetri42,2,0.0,,1.0,42.86,46,,2.0,7,,,6.571428571428571
peetri44,2,0.0,,1.0,14.29,3,,2.0,7,,,0.42857142857142855
peetri46,2,0.0,,1.0,42.86,72,,2.0,7,,,10.285714285714286
peetri48,2,0.0,,1.0,71.43,60,,2.0,7,,,8.571428571428571
peetri50,2,0.0,,1.0,14.29,3,,2.0,7,,,0.42857142857142855
peetri52,2,0.0,,1.0,14.29,3,,2.0,7,,,0.42857142857142855
peetri55,2,0.0,,1.0,42.86,63,,2.0,7,,,9.0
peetri56,2,0.0,,1.0,14.29,7,,2.0,7,,,1.0
peetri57,2,0.0,,1.0,14.29,6,,2.0,7,,,0.8571428571428571
peetri61,2,0.0,,1.0,14.29,5,,2.0,7,,,0.7142857142857143
peetri62,2,0.0,,1.0,14.29,3,,2.0,7,,,0.42857142857142855
peetri63,2,0.0,,1.0,14.29,4,,2.0,7,,,0.5714285714285714
peetri64,2,0.0,,1e-06,0.0,0,,2.0,7,,,0.0
peetri65,2,0.0,,1.0,14.29,4,,2.0,7,,,0.5714285714285714
peetri67,2,0.0,,1.0,14.29,3,,2.0,7,,,0.42857142857142855
peetri68,2,0.0,,1.0,14.29,3,,2.0,7,,,0.42857142857142855
peetri69,2,0.0,,1.0,28.57,18,,2.0,7,,,2.5714285714285716
peetri72,2,0.0,,1.0,28.57,41,,2.0,7,,,5.857142857142857
peetri73,2,0.0,,1.0,14.29,3,,2.0,7,,,0.42857142857142855
peetri74,2,0.0,,1.0,14.29,3,,2.0,7,,,0.42857142857142855
peetri76,2,0.0,,1.0,14.29,3,,2.0,7,,,0.42857142857142855
peetri77,2,0.0,,1.0,14.29,4,,2.0,7,,,0.5714285714285714
peetri78,2,0.0,,1.0,14.29,3,,2.0,7,,,0.42857142857142855
peetri79,2,0.0,,1.0,28.57,43,,2.0,7,,,6.142857142857143
peetri81,2,0.0,,1.0,28.57,30,,2.0,7,,,4.285714285714286
peetri82,2,0.0,,1.0,85.71,90,,2.0,7,,,12.857142857142858
peetri83,2,0.0,,1.0,14.29,18,,2.0,7,,,2.5714285714285716
peetri85,2,0.0,,1.0,28.57,40,,2.0,7,,,5.714285714285714
peetri86,2,0.0,,1e-06,0.0,0,,2.0,7,,,0.0
peetri87,2,0.0,,1.0,57.14,61,,2.0,7,,,8.714285714285714
peetri88,2,0.0,,1.0,100.0,104,,2.0,7,,,14.857142857142858
peetri89,2,0.0,,1.0,28.57,38,,2.0,7,,,5.428571428571429
peetri90,2,0.0,,1e-06,0.0,0,,2.0,7,,,0.0
peetri91,2,0.0,,1.0,28.57,37,,2.0,7,,,5.285714285714286
peetri92,2,0.0,,1.0,42.86,37,,2.0,7,,,5.285714285714286
peetri93,2,0.0,,1.0,100.0,79,,2.0,7,,,11.285714285714286
peetri94,2,0.0,,1.0,57.14,55,,2.0,7,,,7.857142857142857
peetri96,2,0.0,,1.0,57.14,48,,2.0,7,,,6.857142857142857
peetri97,2,0.0,,1.0,42.86,41,,2.0,7,,,5.857142857142857
peetri98,2,0.0,,1.0,14.29,4,,2.0,7,,,0.5714285714285714
keila1,3,0.0,0.0,1e-06,0.0,0,5.0,2.0,9,0.0,0.0,0.0
keila2,3,0.0,0.0,1.43,77.78,111,5.0,2.0,9,0.0,0.5561269999999999,12.333333333333334
keila3,3,0.0,0.0,1e-06,0.0,0,5.0,2.0,9,0.0,0.0,0.0
keila4,3,0.0,20.0,1.25,44.44,113,5.0,2.0,9,0.08,0.27775,12.555555555555555
keila5,3,0.0,0.0,1.5,22.22,44,5.0,2.0,9,0.0,0.16665,4.888888888888889
keila6,3,0.0,0.0,1.38,88.89,159,5.0,2.0,9,0.0,0.6133409999999999,17.666666666666668
keila7,3,0.0,0.0,1.33,33.33,33,5.0,2.0,9,0.0,0.2216445,3.6666666666666665
keila8,3,0.0,0.0,1.5,22.22,25,5.0,2.0,9,0.0,0.16665,2.7777777777777777
keila9,3,0.0,0.0,1e-06,0.0,0,5.0,2.0,9,0.0,0.0,0.0
keila11,3,0.0,0.0,1.6,55.56,52,5.0,2.0,9,0.0,0.44448,5.777777777777778
keila12,3,0.0,0.0,1.5,22.22,24,5.0,2.0,9,0.0,0.16665,2.6666666666666665
keila13,3,0.0,0.0,1.5,66.67,54,5.0,2.0,9,0.0,0.500025,6.0
keila14,3,0.0,0.0,1.5,66.67,65,5.0,2.0,9,0.0,0.500025,7.222222222222222
keila15,3,0.0,0.0,1e-06,0.0,0,5.0,2.0,9,0.0,0.0,0.0
keila16,3,0.0,0.0,1.5,22.22,16,5.0,2.0,9,0.0,0.16665,1.7777777777777777
keila19,3,0.0,0.0,1e-06,0.0,1,5.0,2.0,9,0.0,0.0,0.1111111111111111
keila20,3,0.0,0.0,1.5,66.67,73,5.0,2.0,9,0.0,0.500025,8.11111111111111
lagedi2,3,0.0,0.0,1e-06,0.0,0,5.0,2.0,9,0.0,0.0,0.0
lagedi3,3,0.0,0.0,1.33,33.33,47,5.0,2.0,9,0.0,0.2216445,5.222222222222222
lagedi4,3,0.0,0.0,1.5,66.67,64,5.0,2.0,9,0.0,0.500025,7.111111111111111
lagedi5,3,0.0,0.0,1e-06,0.0,0,5.0,2.0,9,0.0,0.0,0.0
lagedi6,3,0.0,0.0,1.75,44.44,75,5.0,2.0,9,0.0,0.38885,8.333333333333334
lagedi7,3,0.0,20.0,1.75,44.44,40,5.0,2.0,9,0.05714285714285715,0.38885,4.444444444444445
lagedi8,3,0.0,0.0,2.0,33.33,24,5.0,2.0,9,0.0,0.3333,2.6666666666666665
lagedi9,3,0.0,0.0,1.5,22.22,62,5.0,2.0,9,0.0,0.16665,6.888888888888889
lagedi10,3,0.0,0.0,1.5,22.22,20,5.0,2.0,9,0.0,0.16665,2.2222222222222223
lagedi11,3,0.0,40.0,1.67,33.33,81,5.0,2.0,9,0.11976047904191618,0.2783055,9.0
lagedi12,3,0.0,0.0,2.0,33.33,66,5.0,2.0,9,0.0,0.3333,7.333333333333333
lagedi13,3,0.0,0.0,1.75,44.44,64,5.0,2.0,9,0.0,0.38885,7.111111111111111
lagedi15,3,0.0,0.0,1.75,44.44,48,5.0,2.0,9,0.0,0.38885,5.333333333333333
lagedi16,3,0.0,0.0,1.43,77.78,101,5.0,2.0,9,0.0,0.5561269999999999,11.222222222222221
lagedi17,3,0.0,0.0,1.75,44.44,186,5.0,2.0,9,0.0,0.38885,20.666666666666668
lagedi18,3,0.0,40.0,1.75,44.44,118,5.0,2.0,9,0.1142857142857143,0.38885,13.11111111111111
lagedi19,3,50.0,20.0,1.6,55.56,109,5.0,2.0,9,0.0625,0.44448,12.11111111111111
lagedi21,3,0.0,0.0,1.75,44.44,51,5.0,2.0,9,0.0,0.38885,5.666666666666667
lagedi22,3,0.0,0.0,1.5,22.22,20,5.0,2.0,9,0.0,0.16665,2.2222222222222223
lagedi23,3,0.0,20.0,1.0,11.11,49,5.0,2.0,9,0.1,0.055549999999999995,5.444444444444445
lagedi24,3,0.0,20.0,1.75,44.44,76,5.0,2.0,9,0.05714285714285715,0.38885,8.444444444444445
maleva2,3,0.0,0.0,1e-06,0.0,0,5.0,2.0,9,0.0,0.0,0.0
maleva7,3,0.0,0.0,1e-06,0.0,0,5.0,2.0,9,0.0,0.0,0.0
maleva18,3,0.0,0.0,1.5,22.22,45,5.0,2.0,9,0.0,0.16665,5.0
maleva25,3,0.0,0.0,1e-06,0.0,0,5.0,2.0,9,0.0,0.0,0.0
peetri1,3,0.0,0.0,1.5,66.67,79,5.0,2.0,9,0.0,0.500025,8.777777777777779
peetri5,3,50.0,0.0,1.43,77.78,62,5.0,2.0,9,0.0,0.5561269999999999,6.888888888888889
peetri6,3,50.0,0.0,1.5,22.22,21,5.0,2.0,9,0.0,0.16665,2.3333333333333335
peetri7,3,0.0,0.0,1.5,66.67,90,5.0,2.0,9,0.0,0.500025,10.0
peetri9,3,0.0,0.0,1.5,66.67,44,5.0,2.0,9,0.0,0.500025,4.888888888888889
peetri10,3,0.0,0.0,1.67,33.33,48,5.0,2.0,9,0.0,0.2783055,5.333333333333333
peetri11,3,0.0,0.0,2.0,11.11,14,5.0,2.0,9,0.0,0.11109999999999999,1.5555555555555556
peetri12,3,0.0,0.0,1.5,22.22,34,5.0,2.0,9,0.0,0.16665,3.7777777777777777
peetri13,3,0.0,0.0,1.6,55.56,58,5.0,2.0,9,0.0,0.44448,6.444444444444445
peetri14,3,0.0,0.0,1.5,22.22,26,5.0,2.0,9,0.0,0.16665,2.888888888888889
peetri15,3,0.0,0.0,1.5,66.67,51,5.0,2.0,9,0.0,0.500025,5.666666666666667
peetri17,3,0.0,0.0,1.67,33.33,25,5.0,2.0,9,0.0,0.2783055,2.7777777777777777
peetri19,3,0.0,0.0,1.5,22.22,43,5.0,2.0,9,0.0,0.16665,4.777777777777778
peetri22,3,0.0,0.0,1.75,44.44,85,5.0,2.0,9,0.0,0.38885,9.444444444444445
peetri23,3,0.0,0.0,1.5,22.22,18,5.0,2.0,9,0.0,0.16665,2.0
peetri24,3,0.0,0.0,1.75,44.44,89,5.0,2.0,9,0.0,0.38885,9.88888888888889
peetri26,3,0.0,0.0,1.5,22.22,37,5.0,2.0,9,0.0,0.16665,4.111111111111111
peetri27,3,0.0,0.0,1.75,44.44,110,5.0,2.0,9,0.0,0.38885,12.222222222222221
peetri29,3,0.0,0.0,1e-06,0.0,0,5.0,2.0,9,0.0,0.0,0.0
peetri31,3,0.0,0.0,2.0,33.33,52,5.0,2.0,9,0.0,0.3333,5.777777777777778
peetri33,3,0.0,0.0,1.2,55.56,64,5.0,2.0,9,0.0,0.33336,7.111111111111111
peetri34,3,0.0,0.0,1.5,22.22,49,5.0,2.0,9,0.0,0.16665,5.444444444444445
peetri35,3,0.0,0.0,1.6,55.56,48,5.0,2.0,9,0.0,0.44448,5.333333333333333
peetri37,3,0.0,0.0,1.6,55.56,44,5.0,2.0,9,0.0,0.44448,4.888888888888889
peetri39,3,0.0,0.0,1.75,44.44,52,5.0,2.0,9,0.0,0.38885,5.777777777777778
peetri40,3,0.0,0.0,1e-06,0.0,1,5.0,2.0,9,0.0,0.0,0.1111111111111111
peetri42,3,0.0,0.0,1.5,22.22,26,5.0,2.0,9,0.0,0.16665,2.888888888888889
peetri44,3,50.0,0.0,1.67,33.33,39,5.0,2.0,9,0.0,0.2783055,4.333333333333333
peetri46,3,0.0,0.0,1.5,22.22,41,5.0,2.0,9,0.0,0.16665,4.555555555555555
peetri48,3,0.0,0.0,1.67,33.33,46,5.0,2.0,9,0.0,0.2783055,5.111111111111111
peetri50,3,0.0,0.0,1.75,44.44,73,5.0,2.0,9,0.0,0.38885,8.11111111111111
peetri52,3,0.0,0.0,1.5,66.67,63,5.0,2.0,9,0.0,0.500025,7.0
peetri55,3,0.0,0.0,1.5,22.22,29,5.0,2.0,9,0.0,0.16665,3.2222222222222223
peetri56,3,0.0,60.0,1.6,55.56,85,5.0,2.0,9,0.18749999999999997,0.44448,9.444444444444445
peetri57,3,0.0,40.0,1.5,66.67,112,5.0,2.0,9,0.13333333333333333,0.500025,12.444444444444445
peetri61,3,0.0,40.0,1.6,55.56,104,5.0,2.0,9,0.125,0.44448,11.555555555555555
peetri62,3,0.0,40.0,1.75,44.44,70,5.0,2.0,9,0.1142857142857143,0.38885,7.777777777777778
peetri63,3,0.0,20.0,1.75,44.44,63,5.0,2.0,9,0.05714285714285715,0.38885,7.0
peetri64,3,0.0,60.0,1.75,44.44,101,5.0,2.0,9,0.17142857142857143,0.38885,11.222222222222221
peetri65,3,0.0,40.0,1.6,55.56,106,5.0,2.0,9,0.125,0.44448,11.777777777777779
peetri67,3,0.0,60.0,1.5,66.67,132,5.0,2.0,9,0.19999999999999998,0.500025,14.666666666666666
peetri68,3,0.0,20.0,1.6,55.56,114,5.0,2.0,9,0.0625,0.44448,12.666666666666666
peetri69,3,0.0,20.0,1.5,66.67,109,5.0,2.0,9,0.06666666666666667,0.500025,12.11111111111111
peetri72,3,0.0,40.0,1.6,55.56,112,5.0,2.0,9,0.125,0.44448,12.444444444444445
peetri73,3,0.0,40.0,1.75,44.44,78,5.0,2.0,9,0.1142857142857143,0.38885,8.666666666666666
peetri74,3,0.0,20.0,1.75,44.44,81,5.0,2.0,9,0.05714285714285715,0.38885,9.0
peetri76,3,0.0,20.0,1.6,55.56,106,5.0,2.0,9,0.0625,0.44448,11.777777777777779
peetri77,3,0.0,0.0,1.6,55.56,214,5.0,2.0,9,0.0,0.44448,23.77777777777778
peetri78,3,0.0,0.0,1.6,55.56,282,5.0,2.0,9,0.0,0.44448,31.333333333333332
peetri79,3,0.0,60.0,1.5,22.22,95,5.0,2.0,9,0.19999999999999998,0.16665,10.555555555555555
peetri81,3,0.0,0.0,1.5,22.22,26,5.0,2.0,9,0.0,0.16665,2.888888888888889
peetri82,3,0.0,60.0,1.38,88.89,283,5.0,2.0,9,0.2173913043478261,0.6133409999999999,31.444444444444443
peetri83,3,0.0,60.0,1.5,66.67,163,5.0,2.0,9,0.19999999999999998,0.500025,18.11111111111111
peetri85,3,0.0,20.0,1.43,77.78,125,5.0,2.0,9,0.06993006993006994,0.5561269999999999,13.88888888888889
peetri86,3,0.0,0.0,2.0,11.11,6,5.0,2.0,9,0.0,0.11109999999999999,0.6666666666666666
peetri87,3,0.0,20.0,1.43,77.78,125,5.0,2.0,9,0.06993006993006994,0.5561269999999999,13.88888888888889
peetri88,3,0.0,60.0,1.38,88.89,173,5.0,2.0,9,0.2173913043478261,0.6133409999999999,19.22222222222222
peetri89,3,0.0,40.0,1.6,55.56,113,5.0,2.0,9,0.125,0.44448,12.555555555555555
peetri90,3,0.0,20.0,1.75,44.44,58,5.0,2.0,9,0.05714285714285715,0.38885,6.444444444444445
peetri91,3,0.0,20.0,1.75,44.44,70,5.0,2.0,9,0.05714285714285715,0.38885,7.777777777777778
peetri92,3,0.0,80.0,1.38,88.89,168,5.0,2.0,9,0.2898550724637682,0.6133409999999999,18.666666666666668
peetri93,3,0.0,20.0,1.38,88.89,144,5.0,2.0,9,0.07246376811594205,0.6133409999999999,16.0
peetri94,3,0.0,60.0,1.43,77.78,134,5.0,2.0,9,0.2097902097902098,0.5561269999999999,14.88888888888889
peetri96,3,0.0,60.0,1.43,77.78,154,5.0,2.0,9,0.2097902097902098,0.5561269999999999,17.11111111111111
peetri97,3,0.0,60.0,1.6,55.56,89,5.0,2.0,9,0.18749999999999997,0.44448,9.88888888888889
peetri98,3,0.0,0.0,1.75,44.44,82,5.0,2.0,9,0.0,0.38885,9.11111111111111
keila1,4,,0.0,1e-06,0.0,0,10.0,,2,0.0,0.0,0.0
keila2,4,,0.0,1e-06,0.0,2,10.0,,2,0.0,0.0,1.0
keila3,4,,0.0,1e-06,0.0,0,10.0,,2,0.0,0.0,0.0
keila4,4,,0.0,1.0,50.0,103,10.0,,2,0.0,0.5,51.5
keila5,4,,0.0,1e-06,0.0,0,10.0,,2,0.0,0.0,0.0
keila6,4,,0.0,1e-06,0.0,68,10.0,,2,0.0,0.0,34.0
keila7,4,,0.0,1e-06,0.0,1,10.0,,2,0.0,0.0,0.5
keila8,4,,0.0,1e-06,0.0,3,10.0,,2,0.0,0.0,1.5
keila9,4,,0.0,1e-06,0.0,0,10.0,,2,0.0,0.0,0.0
keila11,4,,0.0,1e-06,0.0,1,10.0,,2,0.0,0.0,0.5
keila12,4,,0.0,1e-06,0.0,0,10.0,,2,0.0,0.0,0.0
keila13,4,,0.0,1e-06,0.0,1,10.0,,2,0.0,0.0,0.5
keila14,4,,0.0,1e-06,0.0,68,10.0,,2,0.0,0.0,34.0
keila15,4,,0.0,1e-06,0.0,0,10.0,,2,0.0,0.0,0.0
keila16,4,,0.0,1e-06,0.0,20,10.0,,2,0.0,0.0,10.0
keila19,4,,0.0,1e-06,0.0,0,10.0,,2,0.0,0.0,0.0
keila20,4,,0.0,1.0,50.0,73,10.0,,2,0.0,0.5,36.5
lagedi2,4,,80.0,1e-06,0.0,168,10.0,,2,800000.0000000001,0.0,84.0
lagedi3,4,,0.0,1e-06,0.0,50,10.0,,2,0.0,0.0,25.0
lagedi4,4,,0.0,1e-06,0.0,28,10.0,,2,0.0,0.0,14.0
lagedi5,4,,10.0,1e-06,0.0,33,10.0,,2,100000.00000000001,0.0,16.5
lagedi6,4,,0.0,1e-06,0.0,51,10.0,,2,0.0,0.0,25.5
lagedi7,4,,0.0,1e-06,0.0,12,10.0,,2,0.0,0.0,6.0
lagedi8,4,,20.0,1e-06,0.0,65,10.0,,2,200000.00000000003,0.0,32.5
lagedi9,4,,0.0,1e-06,0.0,1,10.0,,2,0.0,0.0,0.5
lagedi10,4,,20.0,1.0,50.0,69,10.0,,2,0.2,0.5,34.5
lagedi11,4,,0.0,1e-06,0.0,0,10.0,,2,0.0,0.0,0.0
lagedi12,4,,0.0,1e-06,0.0,39,10.0,,2,0.0,0.0,19.5
lagedi13,4,,30.0,1e-06,0.0,55,10.0,,2,300000.0,0.0,27.5
lagedi15,4,,60.0,1.0,50.0,157,10.0,,2,0.6,0.5,78.5
lagedi16,4,,20.0,1.0,50.0,79,10.0,,2,0.2,0.5,39.5
lagedi17,4,,0.0,1e-06,0.0,68,10.0,,2,0.0,0.0,34.0
lagedi18,4,,20.0,1.0,50.0,65,10.0,,2,0.2,0.5,32.5
lagedi19,4,,20.0,1e-06,0.0,55,10.0,,2,200000.00000000003,0.0,27.5
lagedi21,4,,0.0,1.0,50.0,67,10.0,,2,0.0,0.5,33.5
lagedi22,4,,70.0,1.0,50.0,119,10.0,,2,0.7000000000000001,0.5,59.5
lagedi23,4,,70.0,1.0,50.0,109,10.0,,2,0.7000000000000001,0.5,54.5
lagedi24,4,,10.0,1.0,50.0,70,10.0,,2,0.1,0.5,35.0
maleva2,4,,0.0,1e-06,0.0,0,10.0,,2,0.0,0.0,0.0
maleva7,4,,0.0,1e-06,0.0,0,10.0,,2,0.0,0.0,0.0
maleva18,4,,0.0,1e-06,0.0,0,10.0,,2,0.0,0.0,0.0
maleva25,4,,0.0,1e-06,0.0,0,10.0,,2,0.0,0.0,0.0
peetri1,4,,0.0,1e-06,0.0,0,10.0,,2,0.0,0.0,0.0
peetri5,4,,0.0,1e-06,0.0,2,10.0,,2,0.0,0.0,1.0
peetri6,4,,0.0,1e-06,0.0,0,10.0,,2,0.0,0.0,0.0
peetri7,4,,0.0,1e-06,0.0,38,10.0,,2,0.0,0.0,19.0
peetri9,4,,0.0,1e-06,0.0,1,10.0,,2,0.0,0.0,0.5
peetri10,4,,10.0,1e-06,0.0,44,10.0,,2,100000.00000000001,0.0,22.0
peetri11,4,,0.0,1e-06,0.0,0,10.0,,2,0.0,0.0,0.0
peetri12,4,,0.0,1e-06,0.0,0,10.0,,2,0.0,0.0,0.0
peetri13,4,,0.0,1e-06,0.0,2,10.0,,2,0.0,0.0,1.0
peetri14,4,,0.0,1e-06,0.0,0,10.0,,2,0.0,0.0,0.0
peetri15,4,,20.0,1.0,50.0,115,10.0,,2,0.2,0.5,57.5
peetri17,4,,0.0,1e-06,0.0,1,10.0,,2,0.0,0.0,0.5
peetri19,4,,0.0,1e-06,0.0,0,10.0,,2,0.0,0.0,0.0
peetri22,4,,0.0,1e-06,0.0,0,10.0,,2,0.0,0.0,0.0
peetri23,4,,0.0,1e-06,0.0,0,10.0,,2,0.0,0.0,0.0
peetri24,4,,0.0,1e-06,0.0,1,10.0,,2,0.0,0.0,0.5
peetri26,4,,0.0,1e-06,0.0,0,10.0,,2,0.0,0.0,0.0
peetri27,4,,0.0,1e-06,0.0,2,10.0,,2,0.0,0.0,1.0
peetri29,4,,0.0,1e-06,0.0,0,10.0,,2,0.0,0.0,0.0
peetri31,4,,0.0,1e-06,0.0,1,10.0,,2,0.0,0.0,0.5
peetri33,4,,0.0,1e-06,0.0,1,10.0,,2,0.0,0.0,0.5
peetri34,4,,0.0,1e-06,0.0,0,10.0,,2,0.0,0.0,0.0
peetri35,4,,0.0,1e-06,0.0,0,10.0,,2,0.0,0.0,0.0
peetri37,4,,0.0,1e-06,0.0,6,10.0,,2,0.0,0.0,3.0
peetri39,4,,0.0,1e-06,0.0,0,10.0,,2,0.0,0.0,0.0
peetri40,4,,0.0,1e-06,0.0,0,10.0,,2,0.0,0.0,0.0
peetri42,4,,0.0,1e-06,0.0,0,10.0,,2,0.0,0.0,0.0
peetri44,4,,0.0,1e-06,0.0,0,10.0,,2,0.0,0.0,0.0
peetri46,4,,0.0,1e-06,0.0,0,10.0,,2,0.0,0.0,0.0
peetri48,4,,30.0,1.0,50.0,63,10.0,,2,0.3,0.5,31.5
peetri50,4,,0.0,1e-06,0.0,0,10.0,,2,0.0,0.0,0.0
peetri52,4,,0.0,1e-06,0.0,1,10.0,,2,0.0,0.0,0.5
peetri55,4,,0.0,1e-06,0.0,0,10.0,,2,0.0,0.0,0.0
peetri56,4,,50.0,1.0,50.0,72,10.0,,2,0.5,0.5,36.0
peetri57,4,,40.0,1.0,50.0,108,10.0,,2,0.4,0.5,54.0
peetri61,4,,40.0,1.0,50.0,53,10.0,,2,0.4,0.5,26.5
peetri62,4,,50.0,1.0,50.0,75,10.0,,2,0.5,0.5,37.5
peetri63,4,,10.0,1e-06,0.0,70,10.0,,2,100000.00000000001,0.0,35.0
peetri64,4,,60.0,1e-06,0.0,60,10.0,,2,600000.0,0.0,30.0
peetri65,4,,60.0,1.0,50.0,77,10.0,,2,0.6,0.5,38.5
peetri67,4,,30.0,1e-06,0.0,62,10.0,,2,300000.0,0.0,31.0
peetri68,4,,20.0,1.0,50.0,71,10.0,,2,0.2,0.5,35.5
peetri69,4,,30.0,1.0,50.0,75,10.0,,2,0.3,0.5,37.5
peetri72,4,,30.0,1.0,50.0,54,10.0,,2,0.3,0.5,27.0
peetri73,4,,10.0,1e-06,0.0,77,10.0,,2,100000.00000000001,0.0,38.5
peetri74,4,,0.0,1.0,50.0,79,10.0,,2,0.0,0.5,39.5
peetri76,4,,0.0,1e-06,0.0,8,10.0,,2,0.0,0.0,4.0
peetri77,4,,0.0,1.0,50.0,136,10.0,,2,0.0,0.5,68.0
peetri78,4,,0.0,1.0,50.0,92,10.0,,2,0.0,0.5,46.0
peetri79,4,,0.0,1e-06,0.0,0,10.0,,2,0.0,0.0,0.0
peetri81,4,,10.0,1.0,50.0,75,10.0,,2,0.1,0.5,37.5
peetri82,4,,50.0,1.0,50.0,113,10.0,,2,0.5,0.5,56.5
peetri83,4,,60.0,1e-06,0.0,98,10.0,,2,600000.0,0.0,49.0
peetri85,4,,0.0,1e-06,0.0,17,10.0,,2,0.0,0.0,8.5
peetri86,4,,0.0,1e-06,0.0,0,10.0,,2,0.0,0.0,0.0
peetri87,4,,80.0,1e-06,0.0,102,10.0,,2,800000.0000000001,0.0,51.0
peetri88,4,,40.0,1.0,50.0,137,10.0,,2,0.4,0.5,68.5
peetri89,4,,50.0,1e-06,0.0,108,10.0,,2,500000.0,0.0,54.0
peetri90,4,,30.0,1.0,50.0,101,10.0,,2,0.3,0.5,50.5
peetri91,4,,10.0,1e-06,0.0,29,10.0,,2,100000.00000000001,0.0,14.5
peetri92,4,,60.0,1e-06,0.0,130,10.0,,2,600000.0,0.0,65.0
peetri93,4,,50.0,1.0,50.0,87,10.0,,2,0.5,0.5,43.5
peetri94,4,,70.0,1e-06,0.0,125,10.0,,2,700000.0000000001,0.0,62.5
peetri96,4,,50.0,1.0,50.0,89,10.0,,2,0.5,0.5,44.5
peetri97,4,,50.0,1e-06,0.0,53,10.0,,2,500000.0,0.0,26.5
peetri98,4,,0.0,1e-06,0.0,7,10.0,,2,0.0,0.0,3.5
keila1,5,0.0,0.0,1e-06,0.0,0,0.0,3.0,9,0.0,0.0,0.0
keila2,5,0.0,0.0,1.38,88.89,218,0.0,3.0,9,0.0,0.0,24.22222222222222
keila3,5,0.0,0.0,1.33,33.33,86,0.0,3.0,9,0.0,0.0,9.555555555555555
keila4,5,0.0,0.0,1.33,33.33,98,0.0,3.0,9,0.0,0.0,10.88888888888889
keila5,5,0.0,0.0,1.33,33.33,103,0.0,3.0,9,0.0,0.0,11.444444444444445
keila6,5,0.0,0.0,1.5,66.67,168,0.0,3.0,9,0.0,0.0,18.666666666666668
keila7,5,0.0,0.0,1.33,33.33,120,0.0,3.0,9,0.0,0.0,13.333333333333334
keila8,5,0.0,0.0,1.33,33.33,119,0.0,3.0,9,0.0,0.0,13.222222222222221
keila9,5,0.0,0.0,1e-06,0.0,21,0.0,3.0,9,0.0,0.0,2.3333333333333335
keila11,5,0.0,0.0,1.25,44.44,109,0.0,3.0,9,0.0,0.0,12.11111111111111
keila12,5,0.0,0.0,1.33,33.33,87,0.0,3.0,9,0.0,0.0,9.666666666666666
keila13,5,0.0,0.0,1.25,44.44,202,0.0,3.0,9,0.0,0.0,22.444444444444443
keila14,5,0.0,0.0,1.33,100.0,166,0.0,3.0,9,0.0,0.0,18.444444444444443
keila15,5,0.0,0.0,1.33,33.33,99,0.0,3.0,9,0.0,0.0,11.0
keila16,5,0.0,0.0,1.2,55.56,197,0.0,3.0,9,0.0,0.0,21.88888888888889
keila19,5,0.0,0.0,1e-06,0.0,0,0.0,3.0,9,0.0,0.0,0.0
keila20,5,0.0,0.0,1.25,88.89,228,0.0,3.0,9,0.0,0.0,25.333333333333332
lagedi2,5,0.0,0.0,1.0,11.11,43,0.0,3.0,9,0.0,0.0,4.777777777777778
lagedi3,5,0.0,0.0,1.5,66.67,187,0.0,3.0,9,0.0,0.0,20.77777777777778
lagedi4,5,0.0,0.0,1.75,44.44,147,0.0,3.0,9,0.0,0.0,16.333333333333332
lagedi5,5,0.0,0.0,1e-06,0.0,0,0.0,3.0,9,0.0,0.0,0.0
lagedi6,5,0.0,0.0,1.33,100.0,210,0.0,3.0,9,0.0,0.0,23.333333333333332
lagedi7,5,0.0,0.0,1.5,66.67,120,0.0,3.0,9,0.0,0.0,13.333333333333334
lagedi8,5,0.0,0.0,1.67,33.33,93,0.0,3.0,9,0.0,0.0,10.333333333333334
lagedi9,5,0.0,0.0,1.33,33.33,191,0.0,3.0,9,0.0,0.0,21.22222222222222
lagedi10,5,0.0,0.0,1.5,66.67,330,0.0,3.0,9,0.0,0.0,36.666666666666664
lagedi11,5,0.0,0.0,1.0,33.33,162,0.0,3.0,9,0.0,0.0,18.0
lagedi12,5,0.0,0.0,1.6,55.56,80,0.0,3.0,9,0.0,0.0,8.88888888888889
lagedi13,5,0.0,0.0,1.0,11.11,28,0.0,3.0,9,0.0,0.0,3.111111111111111
lagedi15,5,0.0,0.0,1.0,11.11,67,0.0,3.0,9,0.0,0.0,7.444444444444445
lagedi16,5,0.0,0.0,1.5,66.67,124,0.0,3.0,9,0.0,0.0,13.777777777777779
lagedi17,5,0.0,0.0,1.38,88.89,466,0.0,3.0,9,0.0,0.0,51.77777777777778
lagedi18,5,0.0,0.0,1.5,66.67,122,0.0,3.0,9,0.0,0.0,13.555555555555555
lagedi19,5,0.0,0.0,1.5,66.67,115,0.0,3.0,9,0.0,0.0,12.777777777777779
lagedi21,5,0.0,0.0,1.25,44.44,75,0.0,3.0,9,0.0,0.0,8.333333333333334
lagedi22,5,0.0,0.0,1.0,11.11,34,0.0,3.0,9,0.0,0.0,3.7777777777777777
lagedi23,5,0.0,0.0,1.33,100.0,192,0.0,3.0,9,0.0,0.0,21.333333333333332
lagedi24,5,0.0,0.0,1.5,66.67,176,0.0,3.0,9,0.0,0.0,19.555555555555557
maleva2,5,0.0,0.0,1e-06,0.0,0,0.0,3.0,9,0.0,0.0,0.0
maleva7,5,0.0,0.0,1.33,33.33,92,0.0,3.0,9,0.0,0.0,10.222222222222221
maleva18,5,0.0,0.0,1e-06,0.0,0,0.0,3.0,9,0.0,0.0,0.0
maleva25,5,0.0,0.0,1.33,33.33,80,0.0,3.0,9,0.0,0.0,8.88888888888889
peetri1,5,33.33,0.0,1.33,100.0,196,0.0,3.0,9,0.0,0.0,21.77777777777778
peetri5,5,0.0,0.0,1.33,100.0,213,0.0,3.0,9,0.0,0.0,23.666666666666668
peetri6,5,66.67,0.0,1.33,33.33,109,0.0,3.0,9,0.0,0.0,12.11111111111111
peetri7,5,0.0,0.0,1.43,77.78,313,0.0,3.0,9,0.0,0.0,34.77777777777778
peetri9,5,0.0,0.0,1.38,88.89,218,0.0,3.0,9,0.0,0.0,24.22222222222222
peetri10,5,0.0,0.0,1.14,77.78,380,0.0,3.0,9,0.0,0.0,42.22222222222222
peetri11,5,0.0,0.0,1.5,44.44,96,0.0,3.0,9,0.0,0.0,10.666666666666666
peetri12,5,0.0,0.0,1.5,22.22,95,0.0,3.0,9,0.0,0.0,10.555555555555555
peetri13,5,0.0,0.0,1.33,33.33,72,0.0,3.0,9,0.0,0.0,8.0
peetri14,5,0.0,0.0,1.33,33.33,102,0.0,3.0,9,0.0,0.0,11.333333333333334
peetri15,5,0.0,0.0,1.33,100.0,212,0.0,3.0,9,0.0,0.0,23.555555555555557
peetri17,5,0.0,0.0,1.38,88.89,183,0.0,3.0,9,0.0,0.0,20.333333333333332
peetri19,5,0.0,0.0,1.5,22.22,59,0.0,3.0,9,0.0,0.0,6.555555555555555
peetri22,5,0.0,0.0,1.33,33.33,78,0.0,3.0,9,0.0,0.0,8.666666666666666
peetri23,5,0.0,0.0,1.5,22.22,81,0.0,3.0,9,0.0,0.0,9.0
peetri24,5,0.0,0.0,1.33,33.33,110,0.0,3.0,9,0.0,0.0,12.222222222222221
peetri26,5,0.0,0.0,1.33,100.0,412,0.0,3.0,9,0.0,0.0,45.77777777777778
peetri27,5,0.0,0.0,1.33,33.33,74,0.0,3.0,9,0.0,0.0,8.222222222222221
peetri29,5,0.0,0.0,1e-06,0.0,0,0.0,3.0,9,0.0,0.0,0.0
peetri31,5,0.0,0.0,1.67,33.33,213,0.0,3.0,9,0.0,0.0,23.666666666666668
peetri33,5,0.0,0.0,1.33,33.33,80,0.0,3.0,9,0.0,0.0,8.88888888888889
peetri34,5,0.0,0.0,1e-06,0.0,0,0.0,3.0,9,0.0,0.0,0.0
peetri35,5,0.0,0.0,1.4,55.56,83,0.0,3.0,9,0.0,0.0,9.222222222222221
peetri37,5,0.0,0.0,1.33,33.33,61,0.0,3.0,9,0.0,0.0,6.777777777777778
peetri39,5,0.0,0.0,1.4,55.56,128,0.0,3.0,9,0.0,0.0,14.222222222222221
peetri40,5,0.0,0.0,1e-06,0.0,0,0.0,3.0,9,0.0,0.0,0.0
peetri42,5,0.0,0.0,1.33,33.33,59,0.0,3.0,9,0.0,0.0,6.555555555555555
peetri44,5,0.0,0.0,1.5,22.22,56,0.0,3.0,9,0.0,0.0,6.222222222222222
peetri46,5,0.0,0.0,1.33,33.33,152,0.0,3.0,9,0.0,0.0,16.88888888888889
peetri48,5,0.0,0.0,1.33,33.33,59,0.0,3.0,9,0.0,0.0,6.555555555555555
peetri50,5,0.0,0.0,1.25,44.44,126,0.0,3.0,9,0.0,0.0,14.0
peetri52,5,0.0,0.0,1.5,44.44,77,0.0,3.0,9,0.0,0.0,8.555555555555555
peetri55,5,0.0,0.0,1.33,33.33,175,0.0,3.0,9,0.0,0.0,19.444444444444443
peetri56,5,0.0,0.0,1e-06,0.0,0,0.0,3.0,9,0.0,0.0,0.0
peetri57,5,0.0,0.0,1e-06,0.0,0,0.0,3.0,9,0.0,0.0,0.0
peetri61,5,0.0,0.0,1e-06,0.0,0,0.0,3.0,9,0.0,0.0,0.0
peetri62,5,0.0,0.0,1e-06,0.0,0,0.0,3.0,9,0.0,0.0,0.0
peetri63,5,0.0,0.0,1.25,44.44,105,0.0,3.0,9,0.0,0.0,11.666666666666666
peetri64,5,0.0,0.0,1e-06,0.0,0,0.0,3.0,9,0.0,0.0,0.0
peetri65,5,0.0,0.0,1.5,22.22,70,0.0,3.0,9,0.0,0.0,7.777777777777778
peetri67,5,0.0,0.0,1.5,66.67,113,0.0,3.0,9,0.0,0.0,12.555555555555555
peetri68,5,0.0,0.0,1.5,22.22,118,0.0,3.0,9,0.0,0.0,13.11111111111111
peetri69,5,0.0,0.0,1e-06,0.0,0,0.0,3.0,9,0.0,0.0,0.0
peetri72,5,0.0,0.0,1e-06,0.0,0,0.0,3.0,9,0.0,0.0,0.0
peetri73,5,0.0,0.0,1e-06,0.0,0,0.0,3.0,9,0.0,0.0,0.0
peetri74,5,0.0,0.0,1.0,11.11,23,0.0,3.0,9,0.0,0.0,2.5555555555555554
peetri76,5,0.0,0.0,1.0,33.33,97,0.0,3.0,9,0.0,0.0,10.777777777777779
peetri77,5,0.0,0.0,1.5,22.22,96,0.0,3.0,9,0.0,0.0,10.666666666666666
peetri78,5,0.0,0.0,1.5,22.22,261,0.0,3.0,9,0.0,0.0,29.0
peetri79,5,0.0,0.0,1e-06,0.0,38,0.0,3.0,9,0.0,0.0,4.222222222222222
peetri81,5,0.0,0.0,1.5,22.22,48,0.0,3.0,9,0.0,0.0,5.333333333333333
peetri82,5,0.0,0.0,1.5,66.67,193,0.0,3.0,9,0.0,0.0,21.444444444444443
peetri83,5,0.0,0.0,1e-06,0.0,8,0.0,3.0,9,0.0,0.0,0.8888888888888888
peetri85,5,0.0,0.0,1.5,22.22,64,0.0,3.0,9,0.0,0.0,7.111111111111111
peetri86,5,0.0,0.0,1e-06,0.0,0,0.0,3.0,9,0.0,0.0,0.0
peetri87,5,0.0,0.0,1.5,66.67,181,0.0,3.0,9,0.0,0.0,20.11111111111111
peetri88,5,0.0,0.0,1.33,100.0,212,0.0,3.0,9,0.0,0.0,23.555555555555557
peetri89,5,0.0,0.0,1.5,44.44,76,0.0,3.0,9,0.0,0.0,8.444444444444445
peetri90,5,0.0,0.0,1.5,66.67,127,0.0,3.0,9,0.0,0.0,14.11111111111111
peetri91,5,0.0,0.0,1.6,55.56,93,0.0,3.0,9,0.0,0.0,10.333333333333334
peetri92,5,0.0,0.0,1.33,100.0,179,0.0,3.0,9,0.0,0.0,19.88888888888889
peetri93,5,0.0,0.0,1.43,77.78,153,0.0,3.0,9,0.0,0.0,17.0
peetri94,5,0.0,0.0,1e-06,0.0,0,0.0,3.0,9,0.0,0.0,0.0
peetri96,5,0.0,0.0,1.75,44.44,79,0.0,3.0,9,0.0,0.0,8.777777777777779
peetri97,5,0.0,0.0,1.5,66.67,152,0.0,3.0,9,0.0,0.0,16.88888888888889
peetri98,5,0.0,0.0,1.5,22.22,73,0.0,3.0,9,0.0,0.0,8.11111111111111
keila1,6,0.0,,1.0,50.0,32,,2.0,4,,,8.0
keila2,6,0.0,,1.0,75.0,69,,2.0,4,,,17.25
keila3,6,0.0,,1.0,50.0,30,,2.0,4,,,7.5
keila4,6,0.0,,1.0,75.0,40,,2.0,4,,,10.0
keila5,6,0.0,,1.0,25.0,14,,2.0,4,,,3.5
keila6,6,0.0,,1.0,50.0,71,,2.0,4,,,17.75
keila7,6,0.0,,1e-06,0.0,0,,2.0,4,,,0.0
keila8,6,0.0,,1e-06,0.0,2,,2.0,4,,,0.5
keila9,6,0.0,,1e-06,0.0,0,,2.0,4,,,0.0
keila11,6,0.0,,1e-06,0.0,0,,2.0,4,,,0.0
keila12,6,0.0,,1e-06,0.0,0,,2.0,4,,,0.0
keila13,6,0.0,,1e-06,0.0,0,,2.0,4,,,0.0
keila14,6,0.0,,1.0,75.0,46,,2.0,4,,,11.5
keila15,6,0.0,,1e-06,0.0,0,,2.0,4,,,0.0
keila16,6,0.0,,1.0,50.0,25,,2.0,4,,,6.25
keila19,6,0.0,,1.0,50.0,45,,2.0,4,,,11.25
keila20,6,0.0,,1.0,75.0,33,,2.0,4,,,8.25
lagedi2,6,0.0,,1e-06,0.0,0,,2.0,4,,,0.0
lagedi3,6,0.0,,1.0,50.0,38,,2.0,4,,,9.5
lagedi4,6,0.0,,1e-06,0.0,0,,2.0,4,,,0.0
lagedi5,6,0.0,,1e-06,0.0,0,,2.0,4,,,0.0
lagedi6,6,0.0,,1e-06,0.0,0,,2.0,4,,,0.0
lagedi7,6,0.0,,1e-06,0.0,1,,2.0,4,,,0.25
lagedi8,6,0.0,,1e-06,0.0,0,,2.0,4,,,0.0
lagedi9,6,0.0,,1e-06,0.0,0,,2.0,4,,,0.0
lagedi10,6,0.0,,1e-06,0.0,0,,2.0,4,,,0.0
lagedi11,6,0.0,,1e-06,0.0,0,,2.0,4,,,0.0
lagedi12,6,0.0,,1e-06,0.0,2,,2.0,4,,,0.5
lagedi13,6,0.0,,1e-06,0.0,0,,2.0,4,,,0.0
lagedi15,6,0.0,,1e-06,0.0,0,,2.0,4,,,0.0
lagedi16,6,0.0,,1e-06,0.0,0,,2.0,4,,,0.0
lagedi17,6,0.0,,1e-06,0.0,0,,2.0,4,,,0.0
lagedi18,6,0.0,,1e-06,0.0,0,,2.0,4,,,0.0
lagedi19,6,0.0,,1e-06,0.0,0,,2.0,4,,,0.0
lagedi21,6,0.0,,1e-06,0.0,2,,2.0,4,,,0.5
lagedi22,6,0.0,,1e-06,0.0,0,,2.0,4,,,0.0
lagedi23,6,0.0,,1e-06,0.0,0,,2.0,4,,,0.0
lagedi24,6,0.0,,1e-06,0.0,0,,2.0,4,,,0.0
maleva2,6,0.0,,1e-06,0.0,0,,2.0,4,,,0.0
maleva7,6,0.0,,1e-06,0.0,0,,2.0,4,,,0.0
maleva18,6,0.0,,1e-06,0.0,0,,2.0,4,,,0.0
maleva25,6,0.0,,1.0,25.0,13,,2.0,4,,,3.25
peetri1,6,0.0,,1e-06,0.0,0,,2.0,4,,,0.0
peetri5,6,0.0,,1.0,50.0,53,,2.0,4,,,13.25
peetri6,6,0.0,,1e-06,0.0,11,,2.0,4,,,2.75
peetri7,6,0.0,,1e-06,0.0,0,,2.0,4,,,0.0
peetri9,6,0.0,,1.0,50.0,35,,2.0,4,,,8.75
peetri10,6,0.0,,1e-06,0.0,38,,2.0,4,,,9.5
peetri11,6,0.0,,1e-06,0.0,0,,2.0,4,,,0.0
peetri12,6,0.0,,1e-06,0.0,0,,2.0,4,,,0.0
peetri13,6,0.0,,1.0,50.0,27,,2.0,4,,,6.75
peetri14,6,0.0,,1e-06,0.0,0,,2.0,4,,,0.0
peetri15,6,0.0,,1.0,100.0,75,,2.0,4,,,18.75
peetri17,6,50.0,,1.0,50.0,49,,2.0,4,,,12.25
peetri19,6,0.0,,1e-06,0.0,0,,2.0,4,,,0.0
peetri22,6,0.0,,1.0,25.0,40,,2.0,4,,,10.0
peetri23,6,0.0,,1e-06,0.0,0,,2.0,4,,,0.0
peetri24,6,0.0,,1e-06,0.0,0,,2.0,4,,,0.0
peetri26,6,0.0,,1.0,75.0,45,,2.0,4,,,11.25
peetri27,6,0.0,,1.0,25.0,62,,2.0,4,,,15.5
peetri29,6,0.0,,1.0,25.0,39,,2.0,4,,,9.75
peetri31,6,0.0,,1.0,25.0,11,,2.0,4,,,2.75
peetri33,6,0.0,,1.0,25.0,24,,2.0,4,,,6.0
peetri34,6,100.0,,1.0,50.0,41,,2.0,4,,,10.25
peetri35,6,0.0,,1e-06,0.0,8,,2.0,4,,,2.0
peetri37,6,0.0,,1.0,25.0,29,,2.0,4,,,7.25
peetri39,6,0.0,,1e-06,0.0,0,,2.0,4,,,0.0
peetri40,6,0.0,,1e-06,0.0,0,,2.0,4,,,0.0
peetri42,6,0.0,,1.0,25.0,14,,2.0,4,,,3.5
peetri44,6,0.0,,1.0,25.0,11,,2.0,4,,,2.75
peetri46,6,0.0,,1e-06,0.0,0,,2.0,4,,,0.0
peetri48,6,0.0,,1.0,25.0,39,,2.0,4,,,9.75
peetri50,6,0.0,,1.0,25.0,21,,2.0,4,,,5.25
peetri52,6,0.0,,1.0,50.0,25,,2.0,4,,,6.25
peetri55,6,0.0,,1e-06,0.0,0,,2.0,4,,,0.0
peetri56,6,0.0,,1.0,50.0,45,,2.0,4,,,11.25
peetri57,6,0.0,,1.0,100.0,43,,2.0,4,,,10.75
peetri61,6,0.0,,1.0,75.0,87,,2.0,4,,,21.75
peetri62,6,0.0,,1.0,75.0,30,,2.0,4,,,7.5
peetri63,6,0.0,,1.0,50.0,41,,2.0,4,,,10.25
peetri64,6,0.0,,1.0,50.0,52,,2.0,4,,,13.0
peetri65,6,0.0,,1.0,100.0,41,,2.0,4,,,10.25
peetri67,6,0.0,,1.0,50.0,73,,2.0,4,,,18.25
peetri68,6,0.0,,1.0,50.0,45,,2.0,4,,,11.25
peetri69,6,0.0,,1.0,100.0,48,,2.0,4,,,12.0
peetri72,6,0.0,,1.0,100.0,41,,2.0,4,,,10.25
peetri73,6,0.0,,1.0,50.0,36,,2.0,4,,,9.0
peetri74,6,0.0,,1.0,100.0,56,,2.0,4,,,14.0
peetri76,6,0.0,,1.0,25.0,33,,2.0,4,,,8.25
peetri77,6,0.0,,1e-06,0.0,8,,2.0,4,,,2.0
peetri78,6,0.0,,1.0,100.0,41,,2.0,4,,,10.25
peetri79,6,0.0,,1.0,50.0,40,,2.0,4,,,10.0
peetri81,6,0.0,,1.0,100.0,55,,2.0,4,,,13.75
peetri82,6,0.0,,1.0,100.0,41,,2.0,4,,,10.25
peetri83,6,0.0,,1.0,75.0,41,,2.0,4,,,10.25
peetri85,6,0.0,,1.0,100.0,58,,2.0,4,,,14.5
peetri86,6,0.0,,1.0,25.0,11,,2.0,4,,,2.75
peetri87,6,0.0,,1.0,50.0,55,,2.0,4,,,13.75
peetri88,6,0.0,,1.0,75.0,105,,2.0,4,,,26.25
peetri89,6,0.0,,1.0,100.0,67,,2.0,4,,,16.75
peetri90,6,0.0,,1.0,100.0,49,,2.0,4,,,12.25
peetri91,6,0.0,,1.0,25.0,61,,2.0,4,,,15.25
peetri92,6,0.0,,1.0,100.0,47,,2.0,4,,,11.75
peetri93,6,0.0,,1.0,75.0,36,,2.0,4,,,9.0
peetri94,6,0.0,,1.0,100.0,41,,2.0,4,,,10.25
peetri96,6,0.0,,1.0,100.0,43,,2.0,4,,,10.75
peetri97,6,0.0,,1.0,100.0,74,,2.0,4,,,18.5
peetri98,6,0.0,,1.0,50.0,42,,2.0,4,,,10.5
keila1,7,0.0,66.67,1.0,80.0,61,3.0,1.0,5,0.20001,0.24,12.2
keila2,7,0.0,33.33,1.0,100.0,77,3.0,1.0,5,0.09999,0.3,15.4
keila3,7,0.0,33.33,1.0,60.0,28,3.0,1.0,5,0.09999,0.18,5.6
keila4,7,0.0,0.0,1.0,100.0,131,3.0,1.0,5,0.0,0.3,26.2
keila5,7,0.0,66.67,1.0,100.0,117,3.0,1.0,5,0.20001,0.3,23.4
keila6,7,0.0,0.0,1.0,100.0,88,3.0,1.0,5,0.0,0.3,17.6
keila7,7,0.0,33.33,1.0,60.0,52,3.0,1.0,5,0.09999,0.18,10.4
keila8,7,0.0,33.33,1.0,60.0,54,3.0,1.0,5,0.09999,0.18,10.8
keila9,7,0.0,0.0,1e-06,0.0,0,3.0,1.0,5,0.0,0.0,0.0
keila11,7,0.0,33.33,1.0,100.0,84,3.0,1.0,5,0.09999,0.3,16.8
keila12,7,0.0,33.33,1.0,100.0,88,3.0,1.0,5,0.09999,0.3,17.6
keila13,7,0.0,33.33,1.0,100.0,82,3.0,1.0,5,0.09999,0.3,16.4
keila14,7,0.0,33.33,1.0,100.0,75,3.0,1.0,5,0.09999,0.3,15.0
keila15,7,0.0,33.33,1.0,40.0,29,3.0,1.0,5,0.09999,0.12,5.8
keila16,7,0.0,33.33,1.0,100.0,42,3.0,1.0,5,0.09999,0.3,8.4
keila19,7,0.0,100.0,1.0,100.0,175,3.0,1.0,5,0.3,0.3,35.0
keila20,7,0.0,66.67,1.0,100.0,51,3.0,1.0,5,0.20001,0.3,10.2
lagedi2,7,0.0,33.33,1.0,60.0,25,3.0,1.0,5,0.09999,0.18,5.0
lagedi3,7,0.0,0.0,1.0,80.0,101,3.0,1.0,5,0.0,0.24,20.2
lagedi4,7,0.0,33.33,1.0,80.0,45,3.0,1.0,5,0.09999,0.24,9.0
lagedi5,7,0.0,33.33,1.0,60.0,36,3.0,1.0,5,0.09999,0.18,7.2
lagedi6,7,0.0,33.33,1.0,60.0,31,3.0,1.0,5,0.09999,0.18,6.2
lagedi7,7,0.0,66.67,1.0,100.0,63,3.0,1.0,5,0.20001,0.3,12.6
lagedi8,7,0.0,33.33,1.0,80.0,33,3.0,1.0,5,0.09999,0.24,6.6
lagedi9,7,0.0,66.67,1.0,80.0,89,3.0,1.0,5,0.20001,0.24,17.8
lagedi10,7,0.0,33.33,1.0,60.0,53,3.0,1.0,5,0.09999,0.18,10.6
lagedi11,7,0.0,33.33,1.0,60.0,19,3.0,1.0,5,0.09999,0.18,3.8
lagedi12,7,0.0,0.0,1e-06,0.0,0,3.0,1.0,5,0.0,0.0,0.0
lagedi13,7,0.0,100.0,1.0,100.0,74,3.0,1.0,5,0.3,0.3,14.8
lagedi15,7,0.0,66.67,1.0,100.0,118,3.0,1.0,5,0.20001,0.3,23.6
lagedi16,7,0.0,0.0,1.0,100.0,42,3.0,1.0,5,0.0,0.3,8.4
lagedi17,7,0.0,33.33,1.0,100.0,82,3.0,1.0,5,0.09999,0.3,16.4
lagedi18,7,0.0,33.33,1.0,100.0,64,3.0,1.0,5,0.09999,0.3,12.8
lagedi19,7,0.0,0.0,1.0,100.0,41,3.0,1.0,5,0.0,0.3,8.2
lagedi21,7,0.0,0.0,1.0,100.0,51,3.0,1.0,5,0.0,0.3,10.2
lagedi22,7,0.0,66.67,1.0,100.0,105,3.0,1.0,5,0.20001,0.3,21.0
lagedi23,7,0.0,100.0,1.0,100.0,56,3.0,1.0,5,0.3,0.3,11.2
lagedi24,7,0.0,0.0,1.0,100.0,56,3.0,1.0,5,0.0,0.3,11.2
maleva2,7,0.0,33.33,1.0,60.0,21,3.0,1.0,5,0.09999,0.18,4.2
maleva7,7,0.0,0.0,1.0,100.0,67,3.0,1.0,5,0.0,0.3,13.4
maleva18,7,0.0,0.0,1e-06,0.0,11,3.0,1.0,5,0.0,0.0,2.2
maleva25,7,0.0,100.0,1.0,100.0,94,3.0,1.0,5,0.3,0.3,18.8
peetri1,7,0.0,66.67,1.0,100.0,82,3.0,1.0,5,0.20001,0.3,16.4
peetri5,7,0.0,66.67,1.0,100.0,70,3.0,1.0,5,0.20001,0.3,14.0
peetri6,7,0.0,33.33,1.0,40.0,27,3.0,1.0,5,0.09999,0.12,5.4
peetri7,7,0.0,0.0,1e-06,0.0,0,3.0,1.0,5,0.0,0.0,0.0
peetri9,7,0.0,100.0,1.0,100.0,88,3.0,1.0,5,0.3,0.3,17.6
peetri10,7,0.0,66.67,1.0,100.0,95,3.0,1.0,5,0.20001,0.3,19.0
peetri11,7,0.0,0.0,1.0,60.0,30,3.0,1.0,5,0.0,0.18,6.0
peetri12,7,0.0,0.0,1.0,40.0,25,3.0,1.0,5,0.0,0.12,5.0
peetri13,7,0.0,66.67,1.0,100.0,57,3.0,1.0,5,0.20001,0.3,11.4
peetri14,7,0.0,33.33,1.0,80.0,88,3.0,1.0,5,0.09999,0.24,17.6
peetri15,7,0.0,100.0,1.0,100.0,57,3.0,1.0,5,0.3,0.3,11.4
peetri17,7,0.0,66.67,1.0,100.0,63,3.0,1.0,5,0.20001,0.3,12.6
peetri19,7,0.0,33.33,1.0,80.0,60,3.0,1.0,5,0.09999,0.24,12.0
peetri22,7,0.0,66.67,1.0,60.0,68,3.0,1.0,5,0.20001,0.18,13.6
peetri23,7,0.0,100.0,1.0,60.0,38,3.0,1.0,5,0.3,0.18,7.6
peetri24,7,0.0,0.0,1.0,80.0,55,3.0,1.0,5,0.0,0.24,11.0
peetri26,7,0.0,33.33,1.0,60.0,81,3.0,1.0,5,0.09999,0.18,16.2
peetri27,7,0.0,100.0,1.0,60.0,136,3.0,1.0,5,0.3,0.18,27.2
peetri29,7,0.0,0.0,1.0,60.0,22,3.0,1.0,5,0.0,0.18,4.4
peetri31,7,0.0,100.0,1.0,100.0,109,3.0,1.0,5,0.3,0.3,21.8
peetri33,7,0.0,0.0,1.0,100.0,61,3.0,1.0,5,0.0,0.3,12.2
peetri34,7,0.0,0.0,1e-06,0.0,0,3.0,1.0,5,0.0,0.0,0.0
peetri35,7,0.0,100.0,1.0,100.0,91,3.0,1.0,5,0.3,0.3,18.2
peetri37,7,0.0,0.0,1.0,100.0,77,3.0,1.0,5,0.0,0.3,15.4
peetri39,7,0.0,0.0,1.0,80.0,34,3.0,1.0,5,0.0,0.24,6.8
peetri40,7,0.0,0.0,1e-06,0.0,6,3.0,1.0,5,0.0,0.0,1.2
peetri42,7,0.0,33.33,1.0,40.0,29,3.0,1.0,5,0.09999,0.12,5.8
peetri44,7,0.0,33.33,1.0,40.0,20,3.0,1.0,5,0.09999,0.12,4.0
peetri46,7,0.0,33.33,1.0,20.0,21,3.0,1.0,5,0.09999,0.06,4.2
peetri48,7,0.0,33.33,1.0,80.0,59,3.0,1.0,5,0.09999,0.24,11.8
peetri50,7,0.0,66.67,1.0,40.0,24,3.0,1.0,5,0.20001,0.12,4.8
peetri52,7,0.0,33.33,1.0,100.0,54,3.0,1.0,5,0.09999,0.3,10.8
peetri55,7,0.0,33.33,1.0,40.0,46,3.0,1.0,5,0.09999,0.12,9.2
peetri56,7,0.0,33.33,1.0,60.0,27,3.0,1.0,5,0.09999,0.18,5.4
peetri57,7,0.0,33.33,1.0,60.0,31,3.0,1.0,5,0.09999,0.18,6.2
peetri61,7,0.0,0.0,1e-06,0.0,0,3.0,1.0,5,0.0,0.0,0.0
peetri62,7,0.0,33.33,1.0,60.0,46,3.0,1.0,5,0.09999,0.18,9.2
peetri63,7,0.0,66.67,1.0,100.0,49,3.0,1.0,5,0.20001,0.3,9.8
peetri64,7,0.0,100.0,1.0,100.0,78,3.0,1.0,5,0.3,0.3,15.6
peetri65,7,0.0,33.33,1.0,40.0,41,3.0,1.0,5,0.09999,0.12,8.2
peetri67,7,0.0,33.33,1.0,60.0,40,3.0,1.0,5,0.09999,0.18,8.0
peetri68,7,0.0,33.33,1.0,60.0,25,3.0,1.0,5,0.09999,0.18,5.0
peetri69,7,0.0,33.33,1.0,60.0,28,3.0,1.0,5,0.09999,0.18,5.6
peetri72,7,0.0,0.0,1.0,60.0,23,3.0,1.0,5,0.0,0.18,4.6
peetri73,7,0.0,33.33,1.0,60.0,41,3.0,1.0,5,0.09999,0.18,8.2
peetri74,7,0.0,33.33,1.0,60.0,30,3.0,1.0,5,0.09999,0.18,6.0
peetri76,7,0.0,0.0,1e-06,0.0,1,3.0,1.0,5,0.0,0.0,0.2
peetri77,7,0.0,33.33,1.0,60.0,24,3.0,1.0,5,0.09999,0.18,4.8
peetri78,7,0.0,0.0,1.0,60.0,22,3.0,1.0,5,0.0,0.18,4.4
peetri79,7,0.0,33.33,1.0,80.0,46,3.0,1.0,5,0.09999,0.24,9.2
peetri81,7,0.0,33.33,1.0,100.0,41,3.0,1.0,5,0.09999,0.3,8.2
peetri82,7,0.0,33.33,1.0,100.0,79,3.0,1.0,5,0.09999,0.3,15.8
peetri83,7,0.0,33.33,1.0,60.0,51,3.0,1.0,5,0.09999,0.18,10.2
peetri85,7,0.0,33.33,1.0,60.0,58,3.0,1.0,5,0.09999,0.18,11.6
peetri86,7,0.0,100.0,1.0,80.0,46,3.0,1.0,5,0.3,0.24,9.2
peetri87,7,0.0,100.0,1.0,80.0,70,3.0,1.0,5,0.3,0.24,14.0
peetri88,7,0.0,33.33,1.0,100.0,58,3.0,1.0,5,0.09999,0.3,11.6
peetri89,7,0.0,33.33,1.0,60.0,39,3.0,1.0,5,0.09999,0.18,7.8
peetri90,7,0.0,0.0,1.0,100.0,53,3.0,1.0,5,0.0,0.3,10.6
peetri91,7,0.0,0.0,1.0,100.0,102,3.0,1.0,5,0.0,0.3,20.4
peetri92,7,0.0,66.67,1.0,100.0,44,3.0,1.0,5,0.20001,0.3,8.8
peetri93,7,0.0,33.33,1.0,100.0,47,3.0,1.0,5,0.09999,0.3,9.4
peetri94,7,0.0,100.0,1.0,100.0,79,3.0,1.0,5,0.3,0.3,15.8
peetri96,7,0.0,33.33,1.0,100.0,58,3.0,1.0,5,0.09999,0.3,11.6
peetri97,7,0.0,33.33,1.0,40.0,34,3.0,1.0,5,0.09999,0.12,6.8
peetri98,7,0.0,0.0,1.0,60.0,71,3.0,1.0,5,0.0,0.18,14.2
keila1,8,0.0,0.0,1.83,100.0,240,0.0,2.0,12,0.0,0.0,20.0
keila2,8,0.0,33.33,1.83,100.0,280,1.0,2.0,12,0.01821311475409836,0.18300000000000002,23.333333333333332
keila3,8,0.0,0.0,1.5,16.67,11,0.0,2.0,12,0.0,0.0,0.9166666666666666
keila4,8,0.0,0.0,1.71,58.33,221,0.0,2.0,12,0.0,0.0,18.416666666666668
keila5,8,0.0,33.33,1.88,66.67,222,1.0,2.0,12,0.01772872340425532,0.1253396,18.5
keila6,8,0.0,0.0,1.0,8.33,35,0.0,2.0,12,0.0,0.0,2.9166666666666665
keila7,8,0.0,0.0,2.0,25.0,48,0.0,2.0,12,0.0,0.0,4.0
keila8,8,0.0,0.0,1.8,41.67,97,0.0,2.0,12,0.0,0.0,8.083333333333334
keila9,8,0.0,0.0,1e-06,0.0,0,0.0,2.0,12,0.0,0.0,0.0
keila11,8,0.0,0.0,1.56,75.0,284,0.0,2.0,12,0.0,0.0,23.666666666666668
keila12,8,0.0,0.0,1.75,33.33,68,0.0,2.0,12,0.0,0.0,5.666666666666667
keila13,8,0.0,0.0,2.0,25.0,47,0.0,2.0,12,0.0,0.0,3.9166666666666665
keila14,8,0.0,0.0,1.83,100.0,213,0.0,2.0,12,0.0,0.0,17.75
keila15,8,0.0,0.0,2.0,25.0,20,0.0,2.0,12,0.0,0.0,1.6666666666666667
keila16,8,0.0,33.33,1.56,75.0,170,1.0,2.0,12,0.021365384615384612,0.11699999999999999,14.166666666666666
keila19,8,0.0,0.0,1.0,16.67,94,0.0,2.0,12,0.0,0.0,7.833333333333333
keila20,8,0.0,0.0,1.83,100.0,270,0.0,2.0,12,0.0,0.0,22.5
lagedi2,8,0.0,0.0,1.57,58.33,259,0.0,2.0,12,0.0,0.0,21.583333333333332
lagedi3,8,0.0,0.0,1.57,58.33,163,0.0,2.0,12,0.0,0.0,13.583333333333334
lagedi4,8,0.0,66.67,1.73,91.67,262,2.0,2.0,12,0.07707514450867053,0.3171782,21.833333333333332
lagedi5,8,0.0,33.33,1.67,25.0,76,1.0,2.0,12,0.01995808383233533,0.04175,6.333333333333333
lagedi6,8,0.0,33.33,1.83,100.0,251,1.0,2.0,12,0.01821311475409836,0.18300000000000002,20.916666666666668
lagedi7,8,0.0,0.0,1.29,58.33,184,0.0,2.0,12,0.0,0.0,15.333333333333334
lagedi8,8,0.0,66.67,1.91,91.67,177,2.0,2.0,12,0.06981151832460734,0.3501794,14.75
lagedi9,8,0.0,0.0,1.57,58.33,186,0.0,2.0,12,0.0,0.0,15.5
lagedi10,8,0.0,100.0,1.4,41.67,192,3.0,2.0,12,0.2142857142857143,0.175014,16.0
lagedi11,8,0.0,33.33,1.67,25.0,86,1.0,2.0,12,0.01995808383233533,0.04175,7.166666666666667
lagedi12,8,0.0,33.33,2.33,25.0,51,1.0,2.0,12,0.014304721030042917,0.05825,4.25
lagedi13,8,0.0,0.0,1.38,66.67,188,0.0,2.0,12,0.0,0.0,15.666666666666666
lagedi15,8,0.0,66.67,2.43,58.33,207,2.0,2.0,12,0.0548724279835391,0.2834838,17.25
lagedi16,8,0.0,0.0,1.83,100.0,236,0.0,2.0,12,0.0,0.0,19.666666666666668
lagedi17,8,0.0,33.33,1.82,91.67,380,1.0,2.0,12,0.01831318681318681,0.1668394,31.666666666666668
lagedi18,8,0.0,33.33,1.5,66.67,166,1.0,2.0,12,0.02222,0.10000500000000001,13.833333333333334
lagedi19,8,0.0,0.0,1.67,75.0,168,0.0,2.0,12,0.0,0.0,14.0
lagedi21,8,0.0,66.67,1.9,83.33,209,2.0,2.0,12,0.07017894736842106,0.316654,17.416666666666668
lagedi22,8,0.0,33.33,2.14,58.33,184,1.0,2.0,12,0.015574766355140185,0.12482620000000001,15.333333333333334
lagedi23,8,0.0,33.33,1.5,66.67,179,1.0,2.0,12,0.02222,0.10000500000000001,14.916666666666666
lagedi24,8,0.0,0.0,1.5,66.67,208,0.0,2.0,12,0.0,0.0,17.333333333333332
maleva2,8,0.0,0.0,1e-06,0.0,0,0.0,2.0,12,0.0,0.0,0.0
maleva7,8,0.0,0.0,1.0,16.67,66,0.0,2.0,12,0.0,0.0,5.5
maleva18,8,0.0,0.0,1e-06,0.0,0,0.0,2.0,12,0.0,0.0,0.0
maleva25,8,0.0,33.33,1.0,8.33,27,1.0,2.0,12,0.03333,0.00833,2.25
peetri1,8,0.0,33.33,2.25,33.33,51,1.0,2.0,12,0.014813333333333333,0.07499249999999999,4.25
peetri5,8,0.0,33.33,1.73,91.67,239,1.0,2.0,12,0.019265895953757224,0.1585891,19.916666666666668
peetri6,8,0.0,0.0,1.5,16.67,28,0.0,2.0,12,0.0,0.0,2.3333333333333335
peetri7,8,0.0,33.33,1.67,50.0,243,1.0,2.0,12,0.01995808383233533,0.0835,20.25
peetri9,8,0.0,100.0,1.75,66.67,154,3.0,2.0,12,0.17142857142857143,0.3500175,12.833333333333334
peetri10,8,0.0,66.67,2.14,58.33,209,2.0,2.0,12,0.06230841121495327,0.24965240000000002,17.416666666666668
peetri11,8,0.0,0.0,1.7,83.33,188,0.0,2.0,12,0.0,0.0,15.666666666666666
peetri12,8,0.0,66.67,2.0,25.0,70,2.0,2.0,12,0.06667000000000001,0.1,5.833333333333333
peetri13,8,0.0,100.0,1.83,100.0,315,3.0,2.0,12,0.16393442622950818,0.549,26.25
peetri14,8,0.0,33.33,1.86,58.33,166,1.0,2.0,12,0.017919354838709677,0.1084938,13.833333333333334
peetri15,8,0.0,100.0,1.6,83.33,244,3.0,2.0,12,0.18749999999999997,0.39998400000000006,20.333333333333332
peetri17,8,50.0,66.67,1.73,91.67,212,2.0,2.0,12,0.07707514450867053,0.3171782,17.666666666666668
peetri19,8,0.0,0.0,2.0,16.67,87,0.0,2.0,12,0.0,0.0,7.25
peetri22,8,0.0,0.0,2.0,25.0,44,0.0,2.0,12,0.0,0.0,3.6666666666666665
peetri23,8,0.0,0.0,2.0,25.0,35,0.0,2.0,12,0.0,0.0,2.9166666666666665
peetri24,8,0.0,0.0,1.75,33.33,139,0.0,2.0,12,0.0,0.0,11.583333333333334
peetri26,8,0.0,0.0,1e-06,0.0,0,0.0,2.0,12,0.0,0.0,0.0
peetri27,8,0.0,33.33,2.17,50.0,188,1.0,2.0,12,0.015359447004608295,0.1085,15.666666666666666
peetri29,8,0.0,0.0,2.5,16.67,28,0.0,2.0,12,0.0,0.0,2.3333333333333335
peetri31,8,0.0,33.33,1.0,8.33,57,1.0,2.0,12,0.03333,0.00833,4.75
peetri33,8,0.0,0.0,2.0,83.33,209,0.0,2.0,12,0.0,0.0,17.416666666666668
peetri34,8,0.0,0.0,1e-06,0.0,0,0.0,2.0,12,0.0,0.0,0.0
peetri35,8,0.0,33.33,1.5,66.67,149,1.0,2.0,12,0.02222,0.10000500000000001,12.416666666666666
peetri37,8,0.0,0.0,2.0,25.0,43,0.0,2.0,12,0.0,0.0,3.5833333333333335
peetri39,8,0.0,0.0,2.0,25.0,48,0.0,2.0,12,0.0,0.0,4.0
peetri40,8,0.0,0.0,1e-06,0.0,0,0.0,2.0,12,0.0,0.0,0.0
peetri42,8,0.0,0.0,1.5,16.67,16,0.0,2.0,12,0.0,0.0,1.3333333333333333
peetri44,8,0.0,0.0,2.0,25.0,38,0.0,2.0,12,0.0,0.0,3.1666666666666665
peetri46,8,0.0,0.0,2.0,25.0,60,0.0,2.0,12,0.0,0.0,5.0
peetri48,8,0.0,66.67,2.0,33.33,96,2.0,2.0,12,0.06667000000000001,0.13332,8.0
peetri50,8,0.0,100.0,2.17,50.0,207,3.0,2.0,12,0.1382488479262673,0.32549999999999996,17.25
peetri52,8,0.0,0.0,1.0,16.67,58,0.0,2.0,12,0.0,0.0,4.833333333333333
peetri55,8,0.0,0.0,2.0,25.0,38,0.0,2.0,12,0.0,0.0,3.1666666666666665
peetri56,8,0.0,33.33,1.38,66.67,170,1.0,2.0,12,0.02415217391304348,0.0920046,14.166666666666666
peetri57,8,0.0,0.0,2.13,66.67,270,0.0,2.0,12,0.0,0.0,22.5
peetri61,8,0.0,0.0,1e-06,0.0,0,0.0,2.0,12,0.0,0.0,0.0
peetri62,8,0.0,100.0,1.82,91.67,205,3.0,2.0,12,0.16483516483516483,0.5005182,17.083333333333332
peetri63,8,0.0,66.67,1.88,66.67,176,2.0,2.0,12,0.07092553191489363,0.2506792,14.666666666666666
peetri64,8,0.0,66.67,1.33,50.0,129,2.0,2.0,12,0.10025563909774436,0.133,10.75
peetri65,8,0.0,33.33,1.29,58.33,143,1.0,2.0,12,0.02583720930232558,0.0752457,11.916666666666666
peetri67,8,0.0,100.0,1.8,83.33,333,3.0,2.0,12,0.16666666666666666,0.44998200000000005,27.75
peetri68,8,0.0,33.33,2.33,50.0,120,1.0,2.0,12,0.014304721030042917,0.1165,10.0
peetri69,8,0.0,100.0,1.89,75.0,192,3.0,2.0,12,0.15873015873015872,0.42524999999999996,16.0
peetri72,8,0.0,100.0,1.91,91.67,227,3.0,2.0,12,0.15706806282722513,0.5252690999999999,18.916666666666668
peetri73,8,0.0,66.67,1.78,75.0,247,2.0,2.0,12,0.07491011235955057,0.267,20.583333333333332
peetri74,8,0.0,33.33,1.56,75.0,188,1.0,2.0,12,0.021365384615384612,0.11699999999999999,15.666666666666666
peetri76,8,0.0,0.0,1.33,50.0,123,0.0,2.0,12,0.0,0.0,10.25
peetri77,8,0.0,0.0,1.8,83.33,307,0.0,2.0,12,0.0,0.0,25.583333333333332
peetri78,8,0.0,0.0,1.73,91.67,359,0.0,2.0,12,0.0,0.0,29.916666666666668
peetri79,8,0.0,33.33,1.4,41.67,146,1.0,2.0,12,0.023807142857142857,0.058338,12.166666666666666
peetri81,8,0.0,0.0,2.13,66.67,181,0.0,2.0,12,0.0,0.0,15.083333333333334
peetri82,8,0.0,100.0,1.91,91.67,206,3.0,2.0,12,0.15706806282722513,0.5252690999999999,17.166666666666668
peetri83,8,0.0,33.33,1.4,41.67,183,1.0,2.0,12,0.023807142857142857,0.058338,15.25
peetri85,8,0.0,33.33,1.57,58.33,156,1.0,2.0,12,0.021229299363057324,0.09157810000000001,13.0
peetri86,8,0.0,66.67,1.88,66.67,118,2.0,2.0,12,0.07092553191489363,0.2506792,9.833333333333334
peetri87,8,0.0,66.67,1.38,66.67,190,2.0,2.0,12,0.09662318840579712,0.1840092,15.833333333333334
peetri88,8,0.0,66.67,1.83,100.0,242,2.0,2.0,12,0.07286338797814208,0.36600000000000005,20.166666666666668
peetri89,8,0.0,33.33,1.0,33.33,128,1.0,2.0,12,0.03333,0.03333,10.666666666666666
peetri90,8,0.0,66.67,1.83,100.0,307,2.0,2.0,12,0.07286338797814208,0.36600000000000005,25.583333333333332
peetri91,8,0.0,0.0,1.6,83.33,245,0.0,2.0,12,0.0,0.0,20.416666666666668
peetri92,8,0.0,66.67,1.6,83.33,213,2.0,2.0,12,0.08333750000000001,0.266656,17.75
peetri93,8,0.0,33.33,1.71,58.33,117,1.0,2.0,12,0.019491228070175438,0.0997443,9.75
peetri94,8,0.0,100.0,1.73,91.67,201,3.0,2.0,12,0.17341040462427745,0.47576729999999995,16.75
peetri96,8,0.0,66.67,1.83,100.0,222,2.0,2.0,12,0.07286338797814208,0.36600000000000005,18.5
peetri97,8,0.0,33.33,1.0,25.0,87,1.0,2.0,12,0.03333,0.025,7.25
peetri98,8,0.0,33.33,1.78,75.0,354,1.0,2.0,12,0.018724719101123593,0.1335,29.5
keila1,9,0.0,0.0,1e-06,0.0,0,2.0,2.0,16,0.0,0.0,0.0
keila2,9,0.0,0.0,1.93,93.75,315,2.0,2.0,16,0.0,0.361875,19.6875
keila3,9,0.0,0.0,1.67,18.75,25,2.0,2.0,16,0.0,0.062625,1.5625
keila4,9,0.0,0.0,1.67,56.25,175,2.0,2.0,16,0.0,0.187875,10.9375
keila5,9,0.0,0.0,1.29,43.75,157,2.0,2.0,16,0.0,0.11287500000000002,9.8125
keila6,9,0.0,0.0,1.93,93.75,295,2.0,2.0,16,0.0,0.361875,18.4375
keila7,9,0.0,0.0,1.5,25.0,144,2.0,2.0,16,0.0,0.07500000000000001,9.0
keila8,9,0.0,0.0,1.0,18.75,126,2.0,2.0,16,0.0,0.0375,7.875
keila9,9,0.0,0.0,1e-06,0.0,0,2.0,2.0,16,0.0,0.0,0.0
keila11,9,0.0,0.0,1.67,56.25,186,2.0,2.0,16,0.0,0.187875,11.625
keila12,9,0.0,0.0,1.0,6.25,25,2.0,2.0,16,0.0,0.0125,1.5625
keila13,9,0.0,100.0,1.86,87.5,327,2.0,2.0,16,0.10752688172043011,0.32550000000000007,20.4375
keila14,9,0.0,0.0,1.93,93.75,364,2.0,2.0,16,0.0,0.361875,22.75
keila15,9,0.0,0.0,1.0,6.25,12,2.0,2.0,16,0.0,0.0125,0.75
keila16,9,0.0,0.0,1.67,56.25,93,2.0,2.0,16,0.0,0.187875,5.8125
keila19,9,0.0,0.0,2.0,87.5,157,2.0,2.0,16,0.0,0.35000000000000003,9.8125
keila20,9,0.0,0.0,1.77,81.25,247,2.0,2.0,16,0.0,0.287625,15.4375
lagedi2,9,0.0,0.0,1.73,68.75,178,2.0,2.0,16,0.0,0.237875,11.125
lagedi3,9,0.0,50.0,1.0,25.0,88,2.0,2.0,16,0.1,0.05,5.5
lagedi4,9,0.0,0.0,1.0,43.75,112,2.0,2.0,16,0.0,0.08750000000000001,7.0
lagedi5,9,0.0,0.0,1.0,37.5,86,2.0,2.0,16,0.0,0.075,5.375
lagedi6,9,0.0,0.0,1.0,37.5,76,2.0,2.0,16,0.0,0.075,4.75
lagedi7,9,0.0,0.0,1.0,31.25,62,2.0,2.0,16,0.0,0.0625,3.875
lagedi8,9,0.0,50.0,1.0,37.5,82,2.0,2.0,16,0.1,0.075,5.125
lagedi9,9,0.0,0.0,1.0,31.25,104,2.0,2.0,16,0.0,0.0625,6.5
lagedi10,9,0.0,50.0,1.0,43.75,94,2.0,2.0,16,0.1,0.08750000000000001,5.875
lagedi11,9,0.0,0.0,1.0,37.5,111,2.0,2.0,16,0.0,0.075,6.9375
lagedi12,9,0.0,50.0,1.0,31.25,76,2.0,2.0,16,0.1,0.0625,4.75
lagedi13,9,0.0,50.0,1.0,31.25,89,2.0,2.0,16,0.1,0.0625,5.5625
lagedi15,9,0.0,100.0,1.77,81.25,266,2.0,2.0,16,0.11299435028248588,0.287625,16.625
lagedi16,9,0.0,0.0,1.86,87.5,244,2.0,2.0,16,0.0,0.32550000000000007,15.25
lagedi17,9,0.0,0.0,1.77,81.25,258,2.0,2.0,16,0.0,0.287625,16.125
lagedi18,9,0.0,50.0,1.6,62.5,156,2.0,2.0,16,0.0625,0.2,9.75
lagedi19,9,0.0,0.0,1.55,68.75,140,2.0,2.0,16,0.0,0.21312500000000004,8.75
lagedi21,9,0.0,0.0,1.6,62.5,154,2.0,2.0,16,0.0,0.2,9.625
lagedi22,9,0.0,50.0,1.4,62.5,205,2.0,2.0,16,0.07142857142857144,0.175,12.8125
lagedi23,9,0.0,50.0,1.67,75.0,133,2.0,2.0,16,0.05988023952095809,0.2505,8.3125
lagedi24,9,0.0,0.0,1.55,68.75,232,2.0,2.0,16,0.0,0.21312500000000004,14.5
maleva2,9,0.0,0.0,1.0,6.25,52,2.0,2.0,16,0.0,0.0125,3.25
maleva7,9,0.0,50.0,2.25,50.0,204,2.0,2.0,16,0.044444444444444446,0.225,12.75
maleva18,9,0.0,0.0,1e-06,0.0,0,2.0,2.0,16,0.0,0.0,0.0
maleva25,9,0.0,100.0,1.5,50.0,158,2.0,2.0,16,0.13333333333333333,0.15000000000000002,9.875
peetri1,9,0.0,0.0,1.67,18.75,42,2.0,2.0,16,0.0,0.062625,2.625
peetri5,9,0.0,0.0,1.73,68.75,168,2.0,2.0,16,0.0,0.237875,10.5
peetri6,9,0.0,0.0,1.67,18.75,60,2.0,2.0,16,0.0,0.062625,3.75
peetri7,9,0.0,0.0,1.0,25.0,97,2.0,2.0,16,0.0,0.05,6.0625
peetri9,9,0.0,50.0,1.55,68.75,134,2.0,2.0,16,0.06451612903225806,0.21312500000000004,8.375
peetri10,9,0.0,50.0,1.25,50.0,180,2.0,2.0,16,0.08,0.125,11.25
peetri11,9,0.0,0.0,1e-06,0.0,0,2.0,2.0,16,0.0,0.0,0.0
peetri12,9,0.0,0.0,1.67,18.75,58,2.0,2.0,16,0.0,0.062625,3.625
peetri13,9,0.0,100.0,1.86,87.5,269,2.0,2.0,16,0.10752688172043011,0.32550000000000007,16.8125
peetri14,9,0.0,100.0,1.75,50.0,133,2.0,2.0,16,0.1142857142857143,0.17500000000000002,8.3125
peetri15,9,0.0,50.0,1.77,81.25,231,2.0,2.0,16,0.05649717514124294,0.287625,14.4375
peetri17,9,0.0,50.0,1.55,68.75,151,2.0,2.0,16,0.06451612903225806,0.21312500000000004,9.4375
peetri19,9,0.0,0.0,1.67,18.75,37,2.0,2.0,16,0.0,0.062625,2.3125
peetri22,9,0.0,0.0,1.67,18.75,43,2.0,2.0,16,0.0,0.062625,2.6875
peetri23,9,0.0,0.0,3.0,6.25,68,2.0,2.0,16,0.0,0.037500000000000006,4.25
peetri24,9,0.0,0.0,1.0,18.75,50,2.0,2.0,16,0.0,0.0375,3.125
peetri26,9,0.0,0.0,1e-06,0.0,0,2.0,2.0,16,0.0,0.0,0.0
peetri27,9,0.0,0.0,2.5,50.0,200,2.0,2.0,16,0.0,0.25,12.5
peetri29,9,0.0,0.0,1e-06,0.0,0,2.0,2.0,16,0.0,0.0,0.0
peetri31,9,0.0,0.0,1e-06,0.0,0,2.0,2.0,16,0.0,0.0,0.0
peetri33,9,0.0,0.0,1.93,93.75,223,2.0,2.0,16,0.0,0.361875,13.9375
peetri34,9,0.0,0.0,1e-06,0.0,0,2.0,2.0,16,0.0,0.0,0.0
peetri35,9,0.0,50.0,1.5,50.0,82,2.0,2.0,16,0.06666666666666667,0.15000000000000002,5.125
peetri37,9,0.0,0.0,1.8,31.25,62,2.0,2.0,16,0.0,0.1125,3.875
peetri39,9,0.0,0.0,1e-06,0.0,0,2.0,2.0,16,0.0,0.0,0.0
peetri40,9,0.0,0.0,1e-06,0.0,0,2.0,2.0,16,0.0,0.0,0.0
peetri42,9,0.0,0.0,1e-06,0.0,0,2.0,2.0,16,0.0,0.0,0.0
peetri44,9,0.0,0.0,1.67,18.75,52,2.0,2.0,16,0.0,0.062625,3.25
peetri46,9,0.0,0.0,1.67,18.75,38,2.0,2.0,16,0.0,0.062625,2.375
peetri48,9,0.0,0.0,1.0,43.75,133,2.0,2.0,16,0.0,0.08750000000000001,8.3125
peetri50,9,0.0,50.0,1.55,68.75,299,2.0,2.0,16,0.06451612903225806,0.21312500000000004,18.6875
peetri52,9,0.0,0.0,1e-06,0.0,0,2.0,2.0,16,0.0,0.0,0.0
peetri55,9,0.0,0.0,1.75,50.0,143,2.0,2.0,16,0.0,0.17500000000000002,8.9375
peetri56,9,0.0,50.0,1.0,31.25,71,2.0,2.0,16,0.1,0.0625,4.4375
peetri57,9,0.0,0.0,1e-06,0.0,0,2.0,2.0,16,0.0,0.0,0.0
peetri61,9,0.0,0.0,1e-06,0.0,0,2.0,2.0,16,0.0,0.0,0.0
peetri62,9,0.0,0.0,1e-06,0.0,0,2.0,2.0,16,0.0,0.0,0.0
peetri63,9,0.0,50.0,1.0,31.25,56,2.0,2.0,16,0.1,0.0625,3.5
peetri64,9,0.0,0.0,1e-06,0.0,0,2.0,2.0,16,0.0,0.0,0.0
peetri65,9,0.0,0.0,1e-06,0.0,0,2.0,2.0,16,0.0,0.0,0.0
peetri67,9,0.0,0.0,1e-06,0.0,0,2.0,2.0,16,0.0,0.0,0.0
peetri68,9,0.0,0.0,1.0,6.25,29,2.0,2.0,16,0.0,0.0125,1.8125
peetri69,9,0.0,0.0,1e-06,0.0,0,2.0,2.0,16,0.0,0.0,0.0
peetri72,9,0.0,0.0,1e-06,0.0,3,2.0,2.0,16,0.0,0.0,0.1875
peetri73,9,0.0,100.0,1.0,37.5,110,2.0,2.0,16,0.2,0.075,6.875
peetri74,9,0.0,0.0,1e-06,0.0,0,2.0,2.0,16,0.0,0.0,0.0
peetri76,9,0.0,0.0,1.0,31.25,67,2.0,2.0,16,0.0,0.0625,4.1875
peetri77,9,0.0,0.0,1.0,6.25,19,2.0,2.0,16,0.0,0.0125,1.1875
peetri78,9,0.0,0.0,1.0,12.5,24,2.0,2.0,16,0.0,0.025,1.5
peetri79,9,0.0,50.0,1.0,31.25,90,2.0,2.0,16,0.1,0.0625,5.625
peetri81,9,0.0,0.0,1.77,81.25,164,2.0,2.0,16,0.0,0.287625,10.25
peetri82,9,0.0,50.0,1.67,75.0,159,2.0,2.0,16,0.05988023952095809,0.2505,9.9375
peetri83,9,0.0,50.0,1.0,31.25,83,2.0,2.0,16,0.1,0.0625,5.1875
peetri85,9,0.0,0.0,1e-06,0.0,0,2.0,2.0,16,0.0,0.0,0.0
peetri86,9,0.0,50.0,1.67,75.0,151,2.0,2.0,16,0.05988023952095809,0.2505,9.4375
peetri87,9,0.0,50.0,1.0,31.25,62,2.0,2.0,16,0.1,0.0625,3.875
peetri88,9,0.0,100.0,1.93,93.75,243,2.0,2.0,16,0.10362694300518135,0.361875,15.1875
peetri89,9,0.0,0.0,1e-06,0.0,0,2.0,2.0,16,0.0,0.0,0.0
peetri90,9,0.0,0.0,1.0,6.25,10,2.0,2.0,16,0.0,0.0125,0.625
peetri91,9,0.0,50.0,1.57,43.75,180,2.0,2.0,16,0.06369426751592357,0.13737500000000002,11.25
peetri92,9,0.0,100.0,1.86,87.5,192,2.0,2.0,16,0.10752688172043011,0.32550000000000007,12.0
peetri93,9,0.0,0.0,1.67,56.25,166,2.0,2.0,16,0.0,0.187875,10.375
peetri94,9,0.0,50.0,1.67,75.0,171,2.0,2.0,16,0.05988023952095809,0.2505,10.6875
peetri96,9,0.0,100.0,1.93,93.75,216,2.0,2.0,16,0.10362694300518135,0.361875,13.5
peetri97,9,0.0,50.0,1.0,37.5,97,2.0,2.0,16,0.1,0.075,6.0625
peetri98,9,0.0,0.0,1.0,6.25,12,2.0,2.0,16,0.0,0.0125,0.75
keila1,10,0.0,0.0,1.0,100.0,128,1.0,2.0,11,0.0,0.1,11.636363636363637
keila2,10,0.0,100.0,1.0,72.73,128,1.0,2.0,11,0.1,0.07273,11.636363636363637
keila3,10,0.0,0.0,1e-06,0.0,0,1.0,2.0,11,0.0,0.0,0.0
keila4,10,0.0,0.0,1.0,81.82,179,1.0,2.0,11,0.0,0.08181999999999999,16.272727272727273
keila5,10,0.0,100.0,1.0,90.91,179,1.0,2.0,11,0.1,0.09091,16.272727272727273
keila6,10,0.0,0.0,1.0,45.45,76,1.0,2.0,11,0.0,0.045450000000000004,6.909090909090909
keila7,10,0.0,0.0,1.0,27.27,45,1.0,2.0,11,0.0,0.02727,4.090909090909091
keila8,10,0.0,0.0,1.0,9.09,36,1.0,2.0,11,0.0,0.00909,3.272727272727273
keila9,10,0.0,0.0,1.0,90.91,179,1.0,2.0,11,0.0,0.09091,16.272727272727273
keila11,10,0.0,0.0,1.0,90.91,151,1.0,2.0,11,0.0,0.09091,13.727272727272727
keila12,10,0.0,0.0,1.0,9.09,4,1.0,2.0,11,0.0,0.00909,0.36363636363636365
keila13,10,0.0,100.0,1.0,90.91,149,1.0,2.0,11,0.1,0.09091,13.545454545454545
keila14,10,0.0,100.0,1.0,90.91,113,1.0,2.0,11,0.1,0.09091,10.272727272727273
keila15,10,0.0,0.0,1.0,9.09,4,1.0,2.0,11,0.0,0.00909,0.36363636363636365
keila16,10,0.0,100.0,1.0,81.82,128,1.0,2.0,11,0.1,0.08181999999999999,11.636363636363637
keila19,10,0.0,100.0,1.0,45.45,84,1.0,2.0,11,0.1,0.045450000000000004,7.636363636363637
keila20,10,0.0,0.0,1.0,90.91,175,1.0,2.0,11,0.0,0.09091,15.909090909090908
lagedi2,10,0.0,0.0,1.0,90.91,139,1.0,2.0,11,0.0,0.09091,12.636363636363637
lagedi3,10,0.0,0.0,1.0,63.64,106,1.0,2.0,11,0.0,0.06364,9.636363636363637
lagedi4,10,0.0,0.0,1.0,81.82,218,1.0,2.0,11,0.0,0.08181999999999999,19.818181818181817
lagedi5,10,0.0,0.0,1.0,90.91,129,1.0,2.0,11,0.0,0.09091,11.727272727272727
lagedi6,10,0.0,0.0,1.0,90.91,139,1.0,2.0,11,0.0,0.09091,12.636363636363637
lagedi7,10,0.0,0.0,1.0,63.64,183,1.0,2.0,11,0.0,0.06364,16.636363636363637
lagedi8,10,0.0,100.0,1.0,81.82,105,1.0,2.0,11,0.1,0.08181999999999999,9.545454545454545
lagedi9,10,0.0,0.0,1.0,45.45,65,1.0,2.0,11,0.0,0.045450000000000004,5.909090909090909
lagedi10,10,0.0,100.0,1.0,90.91,168,1.0,2.0,11,0.1,0.09091,15.272727272727273
lagedi11,10,0.0,0.0,1.0,90.91,175,1.0,2.0,11,0.0,0.09091,15.909090909090908
lagedi12,10,0.0,0.0,1.0,90.91,110,1.0,2.0,11,0.0,0.09091,10.0
lagedi13,10,0.0,0.0,1.0,72.73,78,1.0,2.0,11,0.0,0.07273,7.090909090909091
lagedi15,10,0.0,100.0,1.0,90.91,172,1.0,2.0,11,0.1,0.09091,15.636363636363637
lagedi16,10,0.0,0.0,1.0,90.91,111,1.0,2.0,11,0.0,0.09091,10.090909090909092
lagedi17,10,0.0,0.0,1.0,9.09,5,1.0,2.0,11,0.0,0.00909,0.45454545454545453
lagedi18,10,0.0,100.0,1.0,90.91,97,1.0,2.0,11,0.1,0.09091,8.818181818181818
lagedi19,10,0.0,0.0,1.0,72.73,82,1.0,2.0,11,0.0,0.07273,7.454545454545454
lagedi21,10,0.0,0.0,1e-06,0.0,0,1.0,2.0,11,0.0,0.0,0.0
lagedi22,10,0.0,100.0,1.0,90.91,131,1.0,2.0,11,0.1,0.09091,11.909090909090908
lagedi23,10,0.0,100.0,1.0,90.91,160,1.0,2.0,11,0.1,0.09091,14.545454545454545
lagedi24,10,0.0,0.0,1e-06,0.0,0,1.0,2.0,11,0.0,0.0,0.0
maleva2,10,0.0,0.0,1e-06,0.0,0,1.0,2.0,11,0.0,0.0,0.0
maleva7,10,0.0,0.0,1.0,9.09,5,1.0,2.0,11,0.0,0.00909,0.45454545454545453
maleva18,10,0.0,0.0,1e-06,0.0,0,1.0,2.0,11,0.0,0.0,0.0
maleva25,10,0.0,0.0,1e-06,0.0,0,1.0,2.0,11,0.0,0.0,0.0
peetri1,10,0.0,0.0,1.0,9.09,11,1.0,2.0,11,0.0,0.00909,1.0
peetri5,10,0.0,100.0,1.0,72.73,123,1.0,2.0,11,0.1,0.07273,11.181818181818182
peetri6,10,0.0,0.0,1.0,18.18,20,1.0,2.0,11,0.0,0.01818,1.8181818181818181
peetri7,10,0.0,0.0,1.0,36.36,57,1.0,2.0,11,0.0,0.03636,5.181818181818182
peetri9,10,0.0,100.0,1.0,45.45,53,1.0,2.0,11,0.1,0.045450000000000004,4.818181818181818
peetri10,10,0.0,100.0,1.0,100.0,205,1.0,2.0,11,0.1,0.1,18.636363636363637
peetri11,10,0.0,0.0,1.0,9.09,11,1.0,2.0,11,0.0,0.00909,1.0
peetri12,10,0.0,100.0,1.0,36.36,55,1.0,2.0,11,0.1,0.03636,5.0
peetri13,10,0.0,100.0,1.0,54.55,68,1.0,2.0,11,0.1,0.05455,6.181818181818182
peetri14,10,0.0,0.0,1.0,72.73,147,1.0,2.0,11,0.0,0.07273,13.363636363636363
peetri15,10,0.0,0.0,1.0,63.64,71,1.0,2.0,11,0.0,0.06364,6.454545454545454
peetri17,10,100.0,0.0,1.0,27.27,39,1.0,2.0,11,0.0,0.02727,3.5454545454545454
peetri19,10,0.0,100.0,1.0,81.82,187,1.0,2.0,11,0.1,0.08181999999999999,17.0
peetri22,10,0.0,100.0,1.0,27.27,40,1.0,2.0,11,0.1,0.02727,3.6363636363636362
peetri23,10,0.0,100.0,1.0,90.91,227,1.0,2.0,11,0.1,0.09091,20.636363636363637
peetri24,10,0.0,0.0,1.0,72.73,118,1.0,2.0,11,0.0,0.07273,10.727272727272727
peetri26,10,0.0,0.0,1.0,72.73,78,1.0,2.0,11,0.0,0.07273,7.090909090909091
peetri27,10,0.0,100.0,1.0,18.18,64,1.0,2.0,11,0.1,0.01818,5.818181818181818
peetri29,10,0.0,100.0,1.0,63.64,153,1.0,2.0,11,0.1,0.06364,13.909090909090908
peetri31,10,0.0,0.0,1.0,18.18,18,1.0,2.0,11,0.0,0.01818,1.6363636363636365
peetri33,10,0.0,0.0,1.0,54.55,133,1.0,2.0,11,0.0,0.05455,12.090909090909092
peetri34,10,0.0,0.0,1.0,9.09,13,1.0,2.0,11,0.0,0.00909,1.1818181818181819
peetri35,10,0.0,100.0,1.0,27.27,39,1.0,2.0,11,0.1,0.02727,3.5454545454545454
peetri37,10,0.0,0.0,1.0,36.36,47,1.0,2.0,11,0.0,0.03636,4.2727272727272725
peetri39,10,0.0,0.0,1.0,9.09,20,1.0,2.0,11,0.0,0.00909,1.8181818181818181
peetri40,10,0.0,0.0,1.0,54.55,91,1.0,2.0,11,0.0,0.05455,8.272727272727273
peetri42,10,0.0,0.0,1.0,18.18,24,1.0,2.0,11,0.0,0.01818,2.1818181818181817
peetri44,10,0.0,0.0,1.0,9.09,4,1.0,2.0,11,0.0,0.00909,0.36363636363636365
peetri46,10,0.0,0.0,1.0,100.0,194,1.0,2.0,11,0.0,0.1,17.636363636363637
peetri48,10,0.0,0.0,1.0,63.64,101,1.0,2.0,11,0.0,0.06364,9.181818181818182
peetri50,10,0.0,100.0,1.0,81.82,286,1.0,2.0,11,0.1,0.08181999999999999,26.0
peetri52,10,0.0,100.0,1.0,63.64,71,1.0,2.0,11,0.1,0.06364,6.454545454545454
peetri55,10,0.0,100.0,1.0,72.73,178,1.0,2.0,11,0.1,0.07273,16.181818181818183
peetri56,10,0.0,100.0,1.0,63.64,115,1.0,2.0,11,0.1,0.06364,10.454545454545455
peetri57,10,0.0,0.0,1.0,45.45,80,1.0,2.0,11,0.0,0.045450000000000004,7.2727272727272725
peetri61,10,0.0,0.0,1.0,90.91,122,1.0,2.0,11,0.0,0.09091,11.090909090909092
peetri62,10,0.0,100.0,1.0,63.64,82,1.0,2.0,11,0.1,0.06364,7.454545454545454
peetri63,10,0.0,0.0,1.0,81.82,146,1.0,2.0,11,0.0,0.08181999999999999,13.272727272727273
peetri64,10,0.0,0.0,1.0,54.55,48,1.0,2.0,11,0.0,0.05455,4.363636363636363
peetri65,10,0.0,100.0,1.0,100.0,137,1.0,2.0,11,0.1,0.1,12.454545454545455
peetri67,10,0.0,100.0,1.0,81.82,124,1.0,2.0,11,0.1,0.08181999999999999,11.272727272727273
peetri68,10,0.0,0.0,1.0,9.09,14,1.0,2.0,11,0.0,0.00909,1.2727272727272727
peetri69,10,0.0,100.0,1.0,100.0,150,1.0,2.0,11,0.1,0.1,13.636363636363637
peetri72,10,0.0,100.0,1.0,100.0,140,1.0,2.0,11,0.1,0.1,12.727272727272727
peetri73,10,0.0,0.0,1.0,90.91,134,1.0,2.0,11,0.0,0.09091,12.181818181818182
peetri74,10,0.0,0.0,1.0,81.82,107,1.0,2.0,11,0.0,0.08181999999999999,9.727272727272727
peetri76,10,0.0,0.0,1.0,54.55,84,1.0,2.0,11,0.0,0.05455,7.636363636363637
peetri77,10,0.0,0.0,1.0,100.0,168,1.0,2.0,11,0.0,0.1,15.272727272727273
peetri78,10,0.0,0.0,1.0,100.0,184,1.0,2.0,11,0.0,0.1,16.727272727272727
peetri79,10,0.0,0.0,1.0,9.09,14,1.0,2.0,11,0.0,0.00909,1.2727272727272727
peetri81,10,0.0,0.0,1.0,100.0,131,1.0,2.0,11,0.0,0.1,11.909090909090908
peetri82,10,0.0,100.0,1.0,90.91,143,1.0,2.0,11,0.1,0.09091,13.0
peetri83,10,0.0,100.0,1.0,90.91,143,1.0,2.0,11,0.1,0.09091,13.0
peetri85,10,0.0,100.0,1.0,81.82,140,1.0,2.0,11,0.1,0.08181999999999999,12.727272727272727
peetri86,10,0.0,0.0,1.0,63.64,52,1.0,2.0,11,0.0,0.06364,4.7272727272727275
peetri87,10,0.0,100.0,1.0,63.64,110,1.0,2.0,11,0.1,0.06364,10.0
peetri88,10,0.0,0.0,1.0,100.0,179,1.0,2.0,11,0.0,0.1,16.272727272727273
peetri89,10,0.0,100.0,1.0,36.36,55,1.0,2.0,11,0.1,0.03636,5.0
peetri90,10,0.0,0.0,1.0,54.55,66,1.0,2.0,11,0.0,0.05455,6.0
peetri91,10,0.0,100.0,1.0,54.55,93,1.0,2.0,11,0.1,0.05455,8.454545454545455
peetri92,10,0.0,100.0,1.0,81.82,100,1.0,2.0,11,0.1,0.08181999999999999,9.090909090909092
peetri93,10,0.0,100.0,1.0,100.0,115,1.0,2.0,11,0.1,0.1,10.454545454545455
peetri94,10,0.0,100.0,1.0,81.82,111,1.0,2.0,11,0.1,0.08181999999999999,10.090909090909092
peetri96,10,0.0,100.0,1.0,100.0,143,1.0,2.0,11,0.1,0.1,13.0
peetri97,10,0.0,0.0,1.0,100.0,254,1.0,2.0,11,0.0,0.1,23.09090909090909
peetri98,10,0.0,100.0,1.0,81.82,191,1.0,2.0,11,0.1,0.08181999999999999,17.363636363636363
keila1,11,0.0,0.0,2.57,100.0,130,0.0,1.0,7,0.0,0.0,18.571428571428573
keila2,11,0.0,0.0,2.57,100.0,165,0.0,1.0,7,0.0,0.0,23.571428571428573
keila3,11,0.0,0.0,2.5,28.57,16,0.0,1.0,7,0.0,0.0,2.2857142857142856
keila4,11,0.0,0.0,2.67,42.86,146,0.0,1.0,7,0.0,0.0,20.857142857142858
keila5,11,0.0,0.0,2.8,71.43,116,0.0,1.0,7,0.0,0.0,16.571428571428573
keila6,11,0.0,0.0,2.57,100.0,243,0.0,1.0,7,0.0,0.0,34.714285714285715
keila7,11,0.0,0.0,2.5,28.57,63,0.0,1.0,7,0.0,0.0,9.0
keila8,11,0.0,0.0,2.5,57.14,112,0.0,1.0,7,0.0,0.0,16.0
keila9,11,0.0,0.0,2.57,100.0,173,0.0,1.0,7,0.0,0.0,24.714285714285715
keila11,11,0.0,0.0,2.4,71.43,126,0.0,1.0,7,0.0,0.0,18.0
keila12,11,0.0,0.0,2.5,28.57,54,0.0,1.0,7,0.0,0.0,7.714285714285714
keila13,11,0.0,0.0,2.67,85.71,142,0.0,1.0,7,0.0,0.0,20.285714285714285
keila14,11,0.0,0.0,2.5,85.71,97,0.0,1.0,7,0.0,0.0,13.857142857142858
keila15,11,0.0,0.0,2.0,14.29,30,0.0,1.0,7,0.0,0.0,4.285714285714286
keila16,11,0.0,0.0,2.67,42.86,30,0.0,1.0,7,0.0,0.0,4.285714285714286
keila19,11,0.0,0.0,2.57,100.0,149,0.0,1.0,7,0.0,0.0,21.285714285714285
keila20,11,0.0,0.0,2.57,100.0,141,0.0,1.0,7,0.0,0.0,20.142857142857142
lagedi2,11,0.0,0.0,2.33,42.86,73,0.0,1.0,7,0.0,0.0,10.428571428571429
lagedi3,11,0.0,0.0,2.5,28.57,22,0.0,1.0,7,0.0,0.0,3.142857142857143
lagedi4,11,0.0,0.0,2.57,100.0,142,0.0,1.0,7,0.0,0.0,20.285714285714285
lagedi5,11,0.0,0.0,2.0,28.57,40,0.0,1.0,7,0.0,0.0,5.714285714285714
lagedi6,11,0.0,0.0,2.5,85.71,81,0.0,1.0,7,0.0,0.0,11.571428571428571
lagedi7,11,0.0,0.0,2.25,57.14,55,0.0,1.0,7,0.0,0.0,7.857142857142857
lagedi8,11,0.0,0.0,2.25,57.14,74,0.0,1.0,7,0.0,0.0,10.571428571428571
lagedi9,11,0.0,0.0,2.25,57.14,97,0.0,1.0,7,0.0,0.0,13.857142857142858
lagedi10,11,0.0,0.0,2.0,42.86,41,0.0,1.0,7,0.0,0.0,5.857142857142857
lagedi11,11,0.0,0.0,2.0,14.29,18,0.0,1.0,7,0.0,0.0,2.5714285714285716
lagedi12,11,0.0,0.0,2.4,71.43,64,0.0,1.0,7,0.0,0.0,9.142857142857142
lagedi13,11,0.0,0.0,2.0,42.86,54,0.0,1.0,7,0.0,0.0,7.714285714285714
lagedi15,11,0.0,0.0,2.25,57.14,107,0.0,1.0,7,0.0,0.0,15.285714285714286
lagedi16,11,0.0,0.0,2.57,100.0,137,0.0,1.0,7,0.0,0.0,19.571428571428573
lagedi17,11,0.0,0.0,3.0,14.29,43,0.0,1.0,7,0.0,0.0,6.142857142857143
lagedi18,11,0.0,0.0,2.33,42.86,60,0.0,1.0,7,0.0,0.0,8.571428571428571
lagedi19,11,0.0,0.0,2.33,42.86,42,0.0,1.0,7,0.0,0.0,6.0
lagedi21,11,0.0,0.0,3.0,14.29,21,0.0,1.0,7,0.0,0.0,3.0
lagedi22,11,0.0,0.0,2.25,57.14,80,0.0,1.0,7,0.0,0.0,11.428571428571429
lagedi23,11,0.0,0.0,2.33,42.86,57,0.0,1.0,7,0.0,0.0,8.142857142857142
lagedi24,11,0.0,0.0,3.0,14.29,38,0.0,1.0,7,0.0,0.0,5.428571428571429
maleva2,11,0.0,0.0,1e-06,0.0,0,0.0,1.0,7,0.0,0.0,0.0
maleva7,11,0.0,0.0,2.0,14.29,22,0.0,1.0,7,0.0,0.0,3.142857142857143
maleva18,11,0.0,0.0,1e-06,0.0,0,0.0,1.0,7,0.0,0.0,0.0
maleva25,11,0.0,0.0,1e-06,0.0,0,0.0,1.0,7,0.0,0.0,0.0
peetri1,11,0.0,0.0,2.25,57.14,113,0.0,1.0,7,0.0,0.0,16.142857142857142
peetri5,11,0.0,0.0,2.6,71.43,47,0.0,1.0,7,0.0,0.0,6.714285714285714
peetri6,11,0.0,0.0,2.33,42.86,46,0.0,1.0,7,0.0,0.0,6.571428571428571
peetri7,11,0.0,0.0,1e-06,0.0,0,0.0,1.0,7,0.0,0.0,0.0
peetri9,11,0.0,0.0,2.5,57.14,73,0.0,1.0,7,0.0,0.0,10.428571428571429
peetri10,11,0.0,0.0,2.57,100.0,145,0.0,1.0,7,0.0,0.0,20.714285714285715
peetri11,11,0.0,0.0,1e-06,0.0,3,0.0,1.0,7,0.0,0.0,0.42857142857142855
peetri12,11,0.0,0.0,2.0,28.57,16,0.0,1.0,7,0.0,0.0,2.2857142857142856
peetri13,11,0.0,0.0,2.0,14.29,8,0.0,1.0,7,0.0,0.0,1.1428571428571428
peetri14,11,0.0,0.0,1e-06,0.0,0,0.0,1.0,7,0.0,0.0,0.0
peetri15,11,0.0,0.0,1e-06,0.0,0,0.0,1.0,7,0.0,0.0,0.0
peetri17,11,0.0,0.0,2.0,28.57,27,0.0,1.0,7,0.0,0.0,3.857142857142857
peetri19,11,0.0,0.0,2.5,28.57,38,0.0,1.0,7,0.0,0.0,5.428571428571429
peetri22,11,0.0,0.0,2.5,28.57,59,0.0,1.0,7,0.0,0.0,8.428571428571429
peetri23,11,0.0,0.0,2.0,14.29,23,0.0,1.0,7,0.0,0.0,3.2857142857142856
peetri24,11,0.0,0.0,2.0,14.29,16,0.0,1.0,7,0.0,0.0,2.2857142857142856
peetri26,11,0.0,0.0,1e-06,0.0,0,0.0,1.0,7,0.0,0.0,0.0
peetri27,11,0.0,0.0,1e-06,0.0,0,0.0,1.0,7,0.0,0.0,0.0
peetri29,11,0.0,0.0,1e-06,0.0,0,0.0,1.0,7,0.0,0.0,0.0
peetri31,11,0.0,0.0,2.0,28.57,28,0.0,1.0,7,0.0,0.0,4.0
peetri33,11,0.0,0.0,2.5,57.14,61,0.0,1.0,7,0.0,0.0,8.714285714285714
peetri34,11,0.0,0.0,1e-06,0.0,0,0.0,1.0,7,0.0,0.0,0.0
peetri35,11,0.0,0.0,2.0,42.86,61,0.0,1.0,7,0.0,0.0,8.714285714285714
peetri37,11,0.0,0.0,3.0,14.29,25,0.0,1.0,7,0.0,0.0,3.5714285714285716
peetri39,11,0.0,0.0,2.0,42.86,39,0.0,1.0,7,0.0,0.0,5.571428571428571
peetri40,11,0.0,0.0,1e-06,0.0,0,0.0,1.0,7,0.0,0.0,0.0
peetri42,11,0.0,0.0,2.0,14.29,16,0.0,1.0,7,0.0,0.0,2.2857142857142856
peetri44,11,0.0,0.0,2.5,28.57,27,0.0,1.0,7,0.0,0.0,3.857142857142857
peetri46,11,0.0,0.0,2.0,14.29,20,0.0,1.0,7,0.0,0.0,2.857142857142857
peetri48,11,0.0,0.0,2.67,42.86,28,0.0,1.0,7,0.0,0.0,4.0
peetri50,11,0.0,0.0,2.5,85.71,170,0.0,1.0,7,0.0,0.0,24.285714285714285
peetri52,11,0.0,0.0,2.67,42.86,61,0.0,1.0,7,0.0,0.0,8.714285714285714
peetri55,11,0.0,0.0,1e-06,0.0,33,0.0,1.0,7,0.0,0.0,4.714285714285714
peetri56,11,0.0,0.0,2.5,85.71,115,0.0,1.0,7,0.0,0.0,16.428571428571427
peetri57,11,0.0,0.0,2.0,14.29,11,0.0,1.0,7,0.0,0.0,1.5714285714285714
peetri61,11,0.0,0.0,2.4,71.43,83,0.0,1.0,7,0.0,0.0,11.857142857142858
peetri62,11,0.0,0.0,2.67,85.71,115,0.0,1.0,7,0.0,0.0,16.428571428571427
peetri63,11,0.0,0.0,2.5,57.14,83,0.0,1.0,7,0.0,0.0,11.857142857142858
peetri64,11,0.0,0.0,2.5,85.71,102,0.0,1.0,7,0.0,0.0,14.571428571428571
peetri65,11,0.0,0.0,2.0,14.29,11,0.0,1.0,7,0.0,0.0,1.5714285714285714
peetri67,11,0.0,0.0,2.0,14.29,9,0.0,1.0,7,0.0,0.0,1.2857142857142858
peetri68,11,0.0,0.0,2.0,28.57,32,0.0,1.0,7,0.0,0.0,4.571428571428571
peetri69,11,0.0,0.0,2.25,57.14,37,0.0,1.0,7,0.0,0.0,5.285714285714286
peetri72,11,0.0,0.0,2.57,100.0,169,0.0,1.0,7,0.0,0.0,24.142857142857142
peetri73,11,0.0,0.0,2.5,85.71,100,0.0,1.0,7,0.0,0.0,14.285714285714286
peetri74,11,0.0,0.0,2.0,28.57,40,0.0,1.0,7,0.0,0.0,5.714285714285714
peetri76,11,0.0,0.0,2.0,28.57,21,0.0,1.0,7,0.0,0.0,3.0
peetri77,11,0.0,0.0,2.0,28.57,27,0.0,1.0,7,0.0,0.0,3.857142857142857
peetri78,11,0.0,0.0,2.57,100.0,233,0.0,1.0,7,0.0,0.0,33.285714285714285
peetri79,11,0.0,0.0,3.0,28.57,52,0.0,1.0,7,0.0,0.0,7.428571428571429
peetri81,11,0.0,0.0,2.8,71.43,89,0.0,1.0,7,0.0,0.0,12.714285714285714
peetri82,11,0.0,0.0,2.57,100.0,125,0.0,1.0,7,0.0,0.0,17.857142857142858
peetri83,11,0.0,0.0,1e-06,0.0,0,0.0,1.0,7,0.0,0.0,0.0
peetri85,11,0.0,0.0,1e-06,0.0,0,0.0,1.0,7,0.0,0.0,0.0
peetri86,11,0.0,0.0,2.5,85.71,78,0.0,1.0,7,0.0,0.0,11.142857142857142
peetri87,11,0.0,0.0,2.67,85.71,58,0.0,1.0,7,0.0,0.0,8.285714285714286
peetri88,11,0.0,0.0,2.57,100.0,102,0.0,1.0,7,0.0,0.0,14.571428571428571
peetri89,11,0.0,0.0,2.0,42.86,47,0.0,1.0,7,0.0,0.0,6.714285714285714
peetri90,11,0.0,0.0,2.67,85.71,125,0.0,1.0,7,0.0,0.0,17.857142857142858
peetri91,11,0.0,0.0,1e-06,0.0,0,0.0,1.0,7,0.0,0.0,0.0
peetri92,11,0.0,0.0,2.4,71.43,70,0.0,1.0,7,0.0,0.0,10.0
peetri93,11,0.0,0.0,2.67,42.86,53,0.0,1.0,7,0.0,0.0,7.571428571428571
peetri94,11,0.0,0.0,1e-06,0.0,0,0.0,1.0,7,0.0,0.0,0.0
peetri96,11,0.0,0.0,2.5,85.71,110,0.0,1.0,7,0.0,0.0,15.714285714285714
peetri97,11,0.0,0.0,2.0,42.86,24,0.0,1.0,7,0.0,0.0,3.4285714285714284
peetri98,11,0.0,0.0,2.0,14.29,16,0.0,1.0,7,0.0,0.0,2.2857142857142856
keila1,12,0.0,11.11,1.13,53.33,178,9.0,2.0,15,0.08848672566371682,0.5423661,11.866666666666667
keila2,12,0.0,11.11,1.87,100.0,337,9.0,2.0,15,0.05347058823529411,1.683,22.466666666666665
keila3,12,0.0,11.11,2.0,20.0,49,9.0,2.0,15,0.049995,0.36,3.2666666666666666
keila4,12,0.0,0.0,2.0,53.33,213,9.0,2.0,15,0.0,0.95994,14.2
keila5,12,0.0,0.0,1e-06,0.0,0,9.0,2.0,15,0.0,0.0,0.0
keila6,12,0.0,0.0,1.79,93.33,266,9.0,2.0,15,0.0,1.5035463,17.733333333333334
keila7,12,0.0,11.11,2.0,20.0,126,9.0,2.0,15,0.049995,0.36,8.4
keila8,12,0.0,11.11,2.0,40.0,219,9.0,2.0,15,0.049995,0.72,14.6
keila9,12,0.0,11.11,1.86,46.67,190,9.0,2.0,15,0.05375806451612903,0.7812558000000001,12.666666666666666
keila11,12,0.0,0.0,1.89,60.0,180,9.0,2.0,15,0.0,1.0206,12.0
keila12,12,0.0,0.0,2.0,20.0,74,9.0,2.0,15,0.0,0.36,4.933333333333334
keila13,12,0.0,0.0,1e-06,80.0,286,9.0,2.0,15,0.0,7.2e-07,19.066666666666666
keila14,12,0.0,0.0,1.87,100.0,283,9.0,2.0,15,0.0,1.683,18.866666666666667
keila15,12,0.0,0.0,1.0,6.67,29,9.0,2.0,15,0.0,0.06003,1.9333333333333333
keila16,12,0.0,11.11,1.86,46.67,109,9.0,2.0,15,0.05375806451612903,0.7812558000000001,7.266666666666667
keila19,12,0.0,0.0,1.83,80.0,178,9.0,2.0,15,0.0,1.3176,11.866666666666667
keila20,12,0.0,0.0,1.87,100.0,297,9.0,2.0,15,0.0,1.683,19.8
lagedi2,12,0.0,0.0,1.4,66.67,303,9.0,2.0,15,0.0,0.8400419999999998,20.2
lagedi3,12,0.0,11.11,1.44,60.0,141,9.0,2.0,15,0.0694375,0.7776000000000001,9.4
lagedi4,12,0.0,11.11,1.45,73.33,235,9.0,2.0,15,0.06895862068965516,0.9569565000000001,15.666666666666666
lagedi5,12,0.0,11.11,1.4,33.33,102,9.0,2.0,15,0.07142142857142857,0.41995799999999994,6.8
lagedi6,12,0.0,11.11,1.67,80.0,233,9.0,2.0,15,0.05987425149700599,1.2024,15.533333333333333
lagedi7,12,0.0,11.11,1e-06,80.0,231,9.0,2.0,15,99990.0,7.2e-07,15.4
lagedi8,12,0.0,11.11,1.5,53.33,116,9.0,2.0,15,0.06666,0.719955,7.733333333333333
lagedi9,12,0.0,11.11,2.0,73.33,308,9.0,2.0,15,0.049995,1.3199400000000001,20.533333333333335
lagedi10,12,0.0,0.0,1.9,66.67,141,9.0,2.0,15,0.0,1.1400569999999999,9.4
lagedi11,12,0.0,11.11,1.5,53.33,196,9.0,2.0,15,0.06666,0.719955,13.066666666666666
lagedi12,12,0.0,0.0,2.0,6.67,53,9.0,2.0,15,0.0,0.12006,3.533333333333333
lagedi13,12,0.0,0.0,1e-06,0.0,0,9.0,2.0,15,0.0,0.0,0.0
lagedi15,12,0.0,22.22,1.87,100.0,635,9.0,2.0,15,0.10694117647058822,1.683,42.333333333333336
lagedi16,12,0.0,0.0,1.87,100.0,419,9.0,2.0,15,0.0,1.683,27.933333333333334
lagedi17,12,0.0,0.0,1.87,100.0,483,9.0,2.0,15,0.0,1.683,32.2
lagedi18,12,0.0,11.11,2.0,60.0,179,9.0,2.0,15,0.049995,1.08,11.933333333333334
lagedi19,12,0.0,0.0,2.22,60.0,203,9.0,2.0,15,0.0,1.1988,13.533333333333333
lagedi21,12,0.0,0.0,1.7,66.67,139,9.0,2.0,15,0.0,1.0200509999999998,9.266666666666667
lagedi22,12,0.0,22.22,1.87,100.0,467,9.0,2.0,15,0.10694117647058822,1.683,31.133333333333333
lagedi23,12,0.0,22.22,1.64,73.33,189,9.0,2.0,15,0.1219390243902439,1.0823508,12.6
lagedi24,12,0.0,0.0,1.4,33.33,109,9.0,2.0,15,0.0,0.41995799999999994,7.266666666666667
maleva2,12,0.0,11.11,1.0,6.67,14,9.0,2.0,15,0.09999,0.06003,0.9333333333333333
maleva7,12,0.0,22.22,1.25,53.33,223,9.0,2.0,15,0.159984,0.5999625,14.866666666666667
maleva18,12,0.0,0.0,1e-06,0.0,0,9.0,2.0,15,0.0,0.0,0.0
maleva25,12,0.0,0.0,1e-06,0.0,0,9.0,2.0,15,0.0,0.0,0.0
peetri1,12,0.0,11.11,1.0,6.67,26,9.0,2.0,15,0.09999,0.06003,1.7333333333333334
peetri5,12,0.0,0.0,1e-06,0.0,1,9.0,2.0,15,0.0,0.0,0.06666666666666667
peetri6,12,0.0,0.0,2.0,13.33,47,9.0,2.0,15,0.0,0.23994000000000001,3.1333333333333333
peetri7,12,0.0,0.0,1e-06,0.0,0,9.0,2.0,15,0.0,0.0,0.0
peetri9,12,0.0,11.11,2.18,73.33,228,9.0,2.0,15,0.04586697247706421,1.4387346000000003,15.2
peetri10,12,0.0,11.11,1.9,66.67,235,9.0,2.0,15,0.05262631578947369,1.1400569999999999,15.666666666666666
peetri11,12,0.0,0.0,1.17,40.0,107,9.0,2.0,15,0.0,0.42119999999999996,7.133333333333334
peetri12,12,0.0,0.0,1e-06,0.0,0,9.0,2.0,15,0.0,0.0,0.0
peetri13,12,0.0,11.11,1.73,73.33,194,9.0,2.0,15,0.05779768786127167,1.1417481,12.933333333333334
peetri14,12,0.0,11.11,1.14,46.67,107,9.0,2.0,15,0.08771052631578947,0.4788342,7.133333333333334
peetri15,12,0.0,22.22,1.69,86.67,241,9.0,2.0,15,0.11833136094674557,1.3182506999999999,16.066666666666666
peetri17,12,0.0,0.0,1e-06,0.0,0,9.0,2.0,15,0.0,0.0,0.0
peetri19,12,0.0,0.0,1.25,26.67,110,9.0,2.0,15,0.0,0.3000375,7.333333333333333
peetri22,12,0.0,11.11,2.0,20.0,67,9.0,2.0,15,0.049995,0.36,4.466666666666667
peetri23,12,0.0,0.0,3.0,6.67,34,9.0,2.0,15,0.0,0.18009,2.2666666666666666
peetri24,12,0.0,0.0,3.0,13.33,45,9.0,2.0,15,0.0,0.35991,3.0
peetri26,12,0.0,0.0,3.0,33.33,176,9.0,2.0,15,0.0,0.8999099999999999,11.733333333333333
peetri27,12,0.0,11.11,2.0,40.0,159,9.0,2.0,15,0.049995,0.72,10.6
peetri29,12,0.0,11.11,1.67,40.0,152,9.0,2.0,15,0.05987425149700599,0.6012,10.133333333333333
peetri31,12,0.0,11.11,1.2,33.33,138,9.0,2.0,15,0.083325,0.35996399999999995,9.2
peetri33,12,0.0,0.0,1.87,100.0,241,9.0,2.0,15,0.0,1.683,16.066666666666666
peetri34,12,0.0,11.11,1.0,20.0,71,9.0,2.0,15,0.09999,0.18,4.733333333333333
peetri35,12,0.0,11.11,1.56,60.0,198,9.0,2.0,15,0.06409615384615384,0.8424,13.2
peetri37,12,50.0,0.0,1.83,40.0,125,9.0,2.0,15,0.0,0.6588,8.333333333333334
peetri39,12,0.0,0.0,1.5,53.33,120,9.0,2.0,15,0.0,0.719955,8.0
peetri40,12,50.0,11.11,1.22,60.0,226,9.0,2.0,15,0.08195901639344262,0.6588,15.066666666666666
peetri42,12,0.0,0.0,3.0,6.67,14,9.0,2.0,15,0.0,0.18009,0.9333333333333333
peetri44,12,0.0,11.11,2.25,26.67,79,9.0,2.0,15,0.04444,0.5400675,5.266666666666667
peetri46,12,0.0,11.11,1.29,46.67,201,9.0,2.0,15,0.07751162790697674,0.5418387,13.4
peetri48,12,0.0,0.0,1e-06,0.0,0,9.0,2.0,15,0.0,0.0,0.0
peetri50,12,50.0,11.11,1.71,46.67,250,9.0,2.0,15,0.05847368421052632,0.7182513,16.666666666666668
peetri52,12,0.0,0.0,2.25,26.67,83,9.0,2.0,15,0.0,0.5400675,5.533333333333333
peetri55,12,0.0,11.11,1.0,6.67,46,9.0,2.0,15,0.09999,0.06003,3.066666666666667
peetri56,12,0.0,22.22,1.55,73.33,213,9.0,2.0,15,0.12901935483870966,1.0229535,14.2
peetri57,12,0.0,11.11,1.0,40.0,151,9.0,2.0,15,0.09999,0.36,10.066666666666666
peetri61,12,0.0,11.11,1.87,100.0,196,9.0,2.0,15,0.05347058823529411,1.683,13.066666666666666
peetri62,12,0.0,11.11,1.13,53.33,260,9.0,2.0,15,0.08848672566371682,0.5423661,17.333333333333332
peetri63,12,0.0,11.11,1.55,73.33,203,9.0,2.0,15,0.06450967741935483,1.0229535,13.533333333333333
peetri64,12,0.0,11.11,1.75,26.67,71,9.0,2.0,15,0.05713714285714285,0.42005250000000005,4.733333333333333
peetri65,12,0.0,0.0,1e-06,0.0,0,9.0,2.0,15,0.0,0.0,0.0
peetri67,12,0.0,11.11,1.79,93.33,263,9.0,2.0,15,0.05586033519553072,1.5035463,17.533333333333335
peetri68,12,0.0,11.11,1.0,40.0,277,9.0,2.0,15,0.09999,0.36,18.466666666666665
peetri69,12,0.0,22.22,1.0,46.67,153,9.0,2.0,15,0.19998,0.42003,10.2
peetri72,12,0.0,22.22,1.58,80.0,316,9.0,2.0,15,0.12656962025316454,1.1376,21.066666666666666
peetri73,12,0.0,22.22,1.22,60.0,253,9.0,2.0,15,0.16391803278688524,0.6588,16.866666666666667
peetri74,12,0.0,0.0,1.22,60.0,139,9.0,2.0,15,0.0,0.6588,9.266666666666667
peetri76,12,0.0,0.0,1.71,46.67,198,9.0,2.0,15,0.0,0.7182513,13.2
peetri77,12,0.0,0.0,1.69,86.67,330,9.0,2.0,15,0.0,1.3182506999999999,22.0
peetri78,12,0.0,11.11,1.0,40.0,260,9.0,2.0,15,0.09999,0.36,17.333333333333332
peetri79,12,50.0,11.11,1.13,53.33,184,9.0,2.0,15,0.08848672566371682,0.5423661,12.266666666666667
peetri81,12,0.0,11.11,1.38,53.33,170,9.0,2.0,15,0.07245652173913043,0.6623585999999999,11.333333333333334
peetri82,12,0.0,22.22,1.22,60.0,163,9.0,2.0,15,0.16391803278688524,0.6588,10.866666666666667
peetri83,12,0.0,11.11,1.0,33.33,80,9.0,2.0,15,0.09999,0.29996999999999996,5.333333333333333
peetri85,12,0.0,11.11,1.0,33.33,109,9.0,2.0,15,0.09999,0.29996999999999996,7.266666666666667
peetri86,12,0.0,0.0,1e-06,0.0,0,9.0,2.0,15,0.0,0.0,0.0
peetri87,12,0.0,11.11,1.0,33.33,115,9.0,2.0,15,0.09999,0.29996999999999996,7.666666666666667
peetri88,12,0.0,11.11,1.45,73.33,163,9.0,2.0,15,0.06895862068965516,0.9569565000000001,10.866666666666667
peetri89,12,0.0,11.11,1.0,33.33,122,9.0,2.0,15,0.09999,0.29996999999999996,8.133333333333333
peetri90,12,0.0,22.22,1.22,60.0,164,9.0,2.0,15,0.16391803278688524,0.6588,10.933333333333334
peetri91,12,0.0,0.0,1e-06,0.0,0,9.0,2.0,15,0.0,0.0,0.0
peetri92,12,0.0,0.0,2.1,66.67,225,9.0,2.0,15,0.0,1.260063,15.0
peetri93,12,0.0,22.22,1.75,80.0,213,9.0,2.0,15,0.1142742857142857,1.26,14.2
peetri94,12,0.0,11.11,1.0,40.0,118,9.0,2.0,15,0.09999,0.36,7.866666666666666
peetri96,12,0.0,0.0,1e-06,0.0,0,9.0,2.0,15,0.0,0.0,0.0
peetri97,12,0.0,22.22,1.0,40.0,139,9.0,2.0,15,0.19998,0.36,9.266666666666667
peetri98,12,0.0,11.11,1.45,73.33,268,9.0,2.0,15,0.06895862068965516,0.9569565000000001,17.866666666666667
keila1,13,0.0,0.0,1.0,100.0,46,1.0,0.0,2,0.0,0.1,23.0
keila2,13,0.0,0.0,1.0,100.0,46,1.0,0.0,2,0.0,0.1,23.0
keila3,13,0.0,0.0,1.0,100.0,62,1.0,0.0,2,0.0,0.1,31.0
keila4,13,0.0,0.0,1.0,100.0,55,1.0,0.0,2,0.0,0.1,27.5
keila5,13,0.0,0.0,1.0,100.0,94,1.0,0.0,2,0.0,0.1,47.0
keila6,13,0.0,0.0,1.0,100.0,97,1.0,0.0,2,0.0,0.1,48.5
keila7,13,0.0,0.0,1.0,100.0,68,1.0,0.0,2,0.0,0.1,34.0
keila8,13,0.0,0.0,1.0,100.0,61,1.0,0.0,2,0.0,0.1,30.5
keila9,13,0.0,0.0,1.0,100.0,78,1.0,0.0,2,0.0,0.1,39.0
keila11,13,0.0,0.0,1.0,100.0,47,1.0,0.0,2,0.0,0.1,23.5
keila12,13,0.0,0.0,1.0,50.0,4,1.0,0.0,2,0.0,0.05,2.0
keila13,13,0.0,0.0,1.0,100.0,62,1.0,0.0,2,0.0,0.1,31.0
keila14,13,0.0,0.0,1.0,100.0,52,1.0,0.0,2,0.0,0.1,26.0
keila15,13,0.0,0.0,1.0,50.0,8,1.0,0.0,2,0.0,0.05,4.0
keila16,13,0.0,0.0,1.0,100.0,50,1.0,0.0,2,0.0,0.1,25.0
keila19,13,0.0,0.0,1.0,100.0,161,1.0,0.0,2,0.0,0.1,80.5
keila20,13,0.0,0.0,1.0,100.0,95,1.0,0.0,2,0.0,0.1,47.5
lagedi2,13,0.0,0.0,1.0,50.0,79,1.0,0.0,2,0.0,0.05,39.5
lagedi3,13,0.0,0.0,1.0,100.0,52,1.0,0.0,2,0.0,0.1,26.0
lagedi4,13,0.0,0.0,1e-06,0.0,8,1.0,0.0,2,0.0,0.0,4.0
lagedi5,13,0.0,0.0,1.0,50.0,52,1.0,0.0,2,0.0,0.05,26.0
lagedi6,13,0.0,0.0,1.0,50.0,23,1.0,0.0,2,0.0,0.05,11.5
lagedi7,13,0.0,0.0,1.0,100.0,54,1.0,0.0,2,0.0,0.1,27.0
lagedi8,13,0.0,0.0,1.0,50.0,48,1.0,0.0,2,0.0,0.05,24.0
lagedi9,13,0.0,0.0,1.0,100.0,52,1.0,0.0,2,0.0,0.1,26.0
lagedi10,13,0.0,0.0,1.0,100.0,97,1.0,0.0,2,0.0,0.1,48.5
lagedi11,13,0.0,0.0,1.0,100.0,76,1.0,0.0,2,0.0,0.1,38.0
lagedi12,13,0.0,0.0,1.0,100.0,106,1.0,0.0,2,0.0,0.1,53.0
lagedi13,13,0.0,0.0,1.0,100.0,49,1.0,0.0,2,0.0,0.1,24.5
lagedi15,13,0.0,0.0,1.0,100.0,59,1.0,0.0,2,0.0,0.1,29.5
lagedi16,13,0.0,0.0,1.0,100.0,99,1.0,0.0,2,0.0,0.1,49.5
lagedi17,13,0.0,0.0,1.0,100.0,61,1.0,0.0,2,0.0,0.1,30.5
lagedi18,13,0.0,0.0,1.0,100.0,49,1.0,0.0,2,0.0,0.1,24.5
lagedi19,13,0.0,0.0,1.0,100.0,48,1.0,0.0,2,0.0,0.1,24.0
lagedi21,13,0.0,0.0,1.0,100.0,48,1.0,0.0,2,0.0,0.1,24.0
lagedi22,13,0.0,0.0,1.0,100.0,60,1.0,0.0,2,0.0,0.1,30.0
lagedi23,13,0.0,0.0,1.0,100.0,141,1.0,0.0,2,0.0,0.1,70.5
lagedi24,13,0.0,0.0,1.0,100.0,57,1.0,0.0,2,0.0,0.1,28.5
maleva2,13,0.0,0.0,1.0,100.0,211,1.0,0.0,2,0.0,0.1,105.5
maleva7,13,0.0,0.0,1.0,100.0,56,1.0,0.0,2,0.0,0.1,28.0
maleva18,13,0.0,0.0,1.0,100.0,64,1.0,0.0,2,0.0,0.1,32.0
maleva25,13,0.0,0.0,1.0,100.0,72,1.0,0.0,2,0.0,0.1,36.0
peetri1,13,0.0,0.0,1.0,50.0,7,1.0,0.0,2,0.0,0.05,3.5
peetri5,13,0.0,0.0,1.0,100.0,101,1.0,0.0,2,0.0,0.1,50.5
peetri6,13,0.0,0.0,1.0,100.0,50,1.0,0.0,2,0.0,0.1,25.0
peetri7,13,0.0,0.0,1.0,100.0,60,1.0,0.0,2,0.0,0.1,30.0
peetri9,13,0.0,0.0,1.0,100.0,58,1.0,0.0,2,0.0,0.1,29.0
peetri10,13,0.0,0.0,1.0,50.0,7,1.0,0.0,2,0.0,0.05,3.5
peetri11,13,0.0,0.0,1.0,100.0,51,1.0,0.0,2,0.0,0.1,25.5
peetri12,13,0.0,0.0,1e-06,0.0,4,1.0,0.0,2,0.0,0.0,2.0
peetri13,13,0.0,0.0,1.0,100.0,47,1.0,0.0,2,0.0,0.1,23.5
peetri14,13,0.0,0.0,1.0,50.0,7,1.0,0.0,2,0.0,0.05,3.5
peetri15,13,0.0,0.0,1.0,100.0,57,1.0,0.0,2,0.0,0.1,28.5
peetri17,13,0.0,0.0,1.0,50.0,43,1.0,0.0,2,0.0,0.05,21.5
peetri19,13,0.0,0.0,1.0,100.0,64,1.0,0.0,2,0.0,0.1,32.0
peetri22,13,0.0,0.0,1.0,50.0,42,1.0,0.0,2,0.0,0.05,21.0
peetri23,13,0.0,0.0,1.0,100.0,60,1.0,0.0,2,0.0,0.1,30.0
peetri24,13,0.0,0.0,1.0,100.0,52,1.0,0.0,2,0.0,0.1,26.0
peetri26,13,0.0,0.0,1.0,100.0,64,1.0,0.0,2,0.0,0.1,32.0
peetri27,13,0.0,0.0,1.0,100.0,91,1.0,0.0,2,0.0,0.1,45.5
peetri29,13,0.0,0.0,1.0,100.0,49,1.0,0.0,2,0.0,0.1,24.5
peetri31,13,0.0,0.0,1.0,100.0,58,1.0,0.0,2,0.0,0.1,29.0
peetri33,13,0.0,0.0,1.0,100.0,58,1.0,0.0,2,0.0,0.1,29.0
peetri34,13,0.0,0.0,1.0,100.0,49,1.0,0.0,2,0.0,0.1,24.5
peetri35,13,0.0,0.0,1.0,100.0,48,1.0,0.0,2,0.0,0.1,24.0
peetri37,13,0.0,0.0,1.0,50.0,46,1.0,0.0,2,0.0,0.05,23.0
peetri39,13,0.0,0.0,1.0,100.0,92,1.0,0.0,2,0.0,0.1,46.0
peetri40,13,0.0,0.0,1.0,100.0,56,1.0,0.0,2,0.0,0.1,28.0
peetri42,13,0.0,0.0,1.0,100.0,63,1.0,0.0,2,0.0,0.1,31.5
peetri44,13,0.0,0.0,1.0,100.0,50,1.0,0.0,2,0.0,0.1,25.0
peetri46,13,0.0,0.0,1.0,100.0,51,1.0,0.0,2,0.0,0.1,25.5
peetri48,13,0.0,0.0,1.0,100.0,48,1.0,0.0,2,0.0,0.1,24.0
peetri50,13,0.0,0.0,1.0,100.0,54,1.0,0.0,2,0.0,0.1,27.0
peetri52,13,0.0,0.0,1.0,100.0,46,1.0,0.0,2,0.0,0.1,23.0
peetri55,13,0.0,0.0,1.0,100.0,57,1.0,0.0,2,0.0,0.1,28.5
peetri56,13,0.0,0.0,1.0,100.0,93,1.0,0.0,2,0.0,0.1,46.5
peetri57,13,0.0,0.0,1.0,100.0,70,1.0,0.0,2,0.0,0.1,35.0
peetri61,13,0.0,0.0,1.0,50.0,6,1.0,0.0,2,0.0,0.05,3.0
peetri62,13,0.0,0.0,1.0,100.0,69,1.0,0.0,2,0.0,0.1,34.5
peetri63,13,0.0,0.0,1.0,100.0,81,1.0,0.0,2,0.0,0.1,40.5
peetri64,13,0.0,0.0,1.0,100.0,140,1.0,0.0,2,0.0,0.1,70.0
peetri65,13,0.0,0.0,1.0,50.0,46,1.0,0.0,2,0.0,0.05,23.0
peetri67,13,0.0,0.0,1.0,100.0,60,1.0,0.0,2,0.0,0.1,30.0
peetri68,13,0.0,0.0,1.0,50.0,58,1.0,0.0,2,0.0,0.05,29.0
peetri69,13,0.0,0.0,1.0,100.0,52,1.0,0.0,2,0.0,0.1,26.0
peetri72,13,0.0,0.0,1.0,100.0,54,1.0,0.0,2,0.0,0.1,27.0
peetri73,13,0.0,0.0,1.0,50.0,61,1.0,0.0,2,0.0,0.05,30.5
peetri74,13,0.0,0.0,1.0,50.0,42,1.0,0.0,2,0.0,0.05,21.0
peetri76,13,0.0,0.0,1.0,50.0,146,1.0,0.0,2,0.0,0.05,73.0
peetri77,13,0.0,0.0,1.0,50.0,18,1.0,0.0,2,0.0,0.05,9.0
peetri78,13,0.0,0.0,1.0,100.0,67,1.0,0.0,2,0.0,0.1,33.5
peetri79,13,0.0,0.0,1.0,100.0,59,1.0,0.0,2,0.0,0.1,29.5
peetri81,13,0.0,0.0,1.0,100.0,80,1.0,0.0,2,0.0,0.1,40.0
peetri82,13,0.0,0.0,1.0,100.0,53,1.0,0.0,2,0.0,0.1,26.5
peetri83,13,0.0,0.0,1.0,100.0,142,1.0,0.0,2,0.0,0.1,71.0
peetri85,13,0.0,0.0,1.0,50.0,11,1.0,0.0,2,0.0,0.05,5.5
peetri86,13,0.0,0.0,1.0,100.0,82,1.0,0.0,2,0.0,0.1,41.0
peetri87,13,0.0,0.0,1.0,100.0,93,1.0,0.0,2,0.0,0.1,46.5
peetri88,13,0.0,0.0,1.0,100.0,93,1.0,0.0,2,0.0,0.1,46.5
peetri89,13,0.0,0.0,1.0,50.0,50,1.0,0.0,2,0.0,0.05,25.0
peetri90,13,0.0,0.0,1.0,100.0,50,1.0,0.0,2,0.0,0.1,25.0
peetri91,13,0.0,0.0,1.0,100.0,63,1.0,0.0,2,0.0,0.1,31.5
peetri92,13,0.0,0.0,1.0,100.0,95,1.0,0.0,2,0.0,0.1,47.5
peetri93,13,0.0,0.0,1.0,100.0,56,1.0,0.0,2,0.0,0.1,28.0
peetri94,13,0.0,0.0,1.0,100.0,63,1.0,0.0,2,0.0,0.1,31.5
peetri96,13,0.0,0.0,1.0,100.0,64,1.0,0.0,2,0.0,0.1,32.0
peetri97,13,0.0,0.0,1.0,100.0,100,1.0,0.0,2,0.0,0.1,50.0
peetri98,13,0.0,0.0,1.0,100.0,59,1.0,0.0,2,0.0,0.1,29.5
keila1,14,0.0,0.0,1.8,62.5,82,0.0,4.0,8,0.0,0.0,10.25
keila2,14,0.0,0.0,1.8,62.5,79,0.0,4.0,8,0.0,0.0,9.875
keila3,14,0.0,0.0,1.0,12.5,39,0.0,4.0,8,0.0,0.0,4.875
keila4,14,0.0,0.0,1.8,62.5,138,0.0,4.0,8,0.0,0.0,17.25
keila5,14,0.0,0.0,1.8,62.5,66,0.0,4.0,8,0.0,0.0,8.25
keila6,14,0.0,0.0,1.8,62.5,311,0.0,4.0,8,0.0,0.0,38.875
keila7,14,0.0,0.0,1.8,62.5,90,0.0,4.0,8,0.0,0.0,11.25
keila8,14,0.0,0.0,1.63,100.0,187,0.0,4.0,8,0.0,0.0,23.375
keila9,14,0.0,0.0,1.0,12.5,33,0.0,4.0,8,0.0,0.0,4.125
keila11,14,0.0,0.0,1.8,62.5,67,0.0,4.0,8,0.0,0.0,8.375
keila12,14,0.0,0.0,1.8,62.5,107,0.0,4.0,8,0.0,0.0,13.375
keila13,14,0.0,0.0,1.2,62.5,117,0.0,4.0,8,0.0,0.0,14.625
keila14,14,0.0,0.0,1.63,100.0,239,0.0,4.0,8,0.0,0.0,29.875
keila15,14,0.0,0.0,1.8,62.5,97,0.0,4.0,8,0.0,0.0,12.125
keila16,14,0.0,0.0,1.8,62.5,67,0.0,4.0,8,0.0,0.0,8.375
keila19,14,0.0,0.0,1.63,100.0,170,0.0,4.0,8,0.0,0.0,21.25
keila20,14,0.0,0.0,1.0,50.0,87,0.0,4.0,8,0.0,0.0,10.875
lagedi2,14,0.0,0.0,1.63,100.0,182,0.0,4.0,8,0.0,0.0,22.75
lagedi3,14,0.0,0.0,1e-06,0.0,0,0.0,4.0,8,0.0,0.0,0.0
lagedi4,14,0.0,0.0,1.67,37.5,119,0.0,4.0,8,0.0,0.0,14.875
lagedi5,14,0.0,0.0,1.0,12.5,22,0.0,4.0,8,0.0,0.0,2.75
lagedi6,14,0.0,0.0,1.75,50.0,139,0.0,4.0,8,0.0,0.0,17.375
lagedi7,14,0.0,0.0,1.0,37.5,67,0.0,4.0,8,0.0,0.0,8.375
lagedi8,14,0.0,0.0,1.63,100.0,162,0.0,4.0,8,0.0,0.0,20.25
lagedi9,14,0.0,0.0,1.0,12.5,38,0.0,4.0,8,0.0,0.0,4.75
lagedi10,14,0.0,0.0,1.63,100.0,154,0.0,4.0,8,0.0,0.0,19.25
lagedi11,14,0.0,0.0,1e-06,0.0,0,0.0,4.0,8,0.0,0.0,0.0
lagedi12,14,0.0,0.0,1.0,37.5,48,0.0,4.0,8,0.0,0.0,6.0
lagedi13,14,0.0,0.0,1.63,100.0,169,0.0,4.0,8,0.0,0.0,21.125
lagedi15,14,0.0,0.0,1.63,100.0,216,0.0,4.0,8,0.0,0.0,27.0
lagedi16,14,0.0,0.0,1.63,100.0,141,0.0,4.0,8,0.0,0.0,17.625
lagedi17,14,0.0,0.0,1.63,100.0,206,0.0,4.0,8,0.0,0.0,25.75
lagedi18,14,0.0,0.0,1.8,62.5,108,0.0,4.0,8,0.0,0.0,13.5
lagedi19,14,0.0,0.0,2.25,50.0,70,0.0,4.0,8,0.0,0.0,8.75
lagedi21,14,0.0,0.0,3.0,12.5,27,0.0,4.0,8,0.0,0.0,3.375
lagedi22,14,0.0,0.0,1e-06,0.0,0,0.0,4.0,8,0.0,0.0,0.0
lagedi23,14,0.0,0.0,1.57,87.5,131,0.0,4.0,8,0.0,0.0,16.375
lagedi24,14,0.0,0.0,1.43,87.5,141,0.0,4.0,8,0.0,0.0,17.625
maleva2,14,0.0,0.0,1e-06,0.0,0,0.0,4.0,8,0.0,0.0,0.0
maleva7,14,0.0,0.0,1.63,100.0,155,0.0,4.0,8,0.0,0.0,19.375
maleva18,14,0.0,0.0,1.0,37.5,67,0.0,4.0,8,0.0,0.0,8.375
maleva25,14,0.0,0.0,1.83,75.0,121,0.0,4.0,8,0.0,0.0,15.125
peetri1,14,0.0,0.0,1.0,12.5,10,0.0,4.0,8,0.0,0.0,1.25
peetri5,14,0.0,0.0,1.63,100.0,138,0.0,4.0,8,0.0,0.0,17.25
peetri6,14,0.0,0.0,1.0,25.0,36,0.0,4.0,8,0.0,0.0,4.5
peetri7,14,0.0,0.0,1.67,75.0,152,0.0,4.0,8,0.0,0.0,19.0
peetri9,14,0.0,0.0,1.0,25.0,33,0.0,4.0,8,0.0,0.0,4.125
peetri10,14,0.0,0.0,1.8,62.5,109,0.0,4.0,8,0.0,0.0,13.625
peetri11,14,0.0,0.0,1.2,62.5,113,0.0,4.0,8,0.0,0.0,14.125
peetri12,14,0.0,0.0,1.0,12.5,15,0.0,4.0,8,0.0,0.0,1.875
peetri13,14,0.0,0.0,1.0,25.0,41,0.0,4.0,8,0.0,0.0,5.125
peetri14,14,0.0,0.0,1.0,50.0,64,0.0,4.0,8,0.0,0.0,8.0
peetri15,14,0.0,0.0,1.57,87.5,140,0.0,4.0,8,0.0,0.0,17.5
peetri17,14,0.0,0.0,1.63,100.0,116,0.0,4.0,8,0.0,0.0,14.5
peetri19,14,0.0,0.0,1.0,25.0,54,0.0,4.0,8,0.0,0.0,6.75
peetri22,14,0.0,0.0,1.8,62.5,85,0.0,4.0,8,0.0,0.0,10.625
peetri23,14,0.0,0.0,1.0,25.0,62,0.0,4.0,8,0.0,0.0,7.75
peetri24,14,0.0,0.0,1.0,25.0,42,0.0,4.0,8,0.0,0.0,5.25
peetri26,14,0.0,0.0,1.0,12.5,10,0.0,4.0,8,0.0,0.0,1.25
peetri27,14,0.0,0.0,1.0,25.0,56,0.0,4.0,8,0.0,0.0,7.0
peetri29,14,0.0,0.0,1e-06,0.0,0,0.0,4.0,8,0.0,0.0,0.0
peetri31,14,0.0,0.0,1.0,25.0,53,0.0,4.0,8,0.0,0.0,6.625
peetri33,14,0.0,0.0,1.63,100.0,155,0.0,4.0,8,0.0,0.0,19.375
peetri34,14,0.0,0.0,1e-06,0.0,0,0.0,4.0,8,0.0,0.0,0.0
peetri35,14,0.0,0.0,1.4,62.5,78,0.0,4.0,8,0.0,0.0,9.75
peetri37,14,0.0,0.0,1.63,100.0,129,0.0,4.0,8,0.0,0.0,16.125
peetri39,14,0.0,0.0,1.8,62.5,74,0.0,4.0,8,0.0,0.0,9.25
peetri40,14,0.0,0.0,1.0,25.0,36,0.0,4.0,8,0.0,0.0,4.5
peetri42,14,0.0,0.0,1.0,12.5,10,0.0,4.0,8,0.0,0.0,1.25
peetri44,14,0.0,0.0,1.8,62.5,83,0.0,4.0,8,0.0,0.0,10.375
peetri46,14,0.0,0.0,1.63,100.0,133,0.0,4.0,8,0.0,0.0,16.625
peetri48,14,0.0,0.0,1.8,62.5,97,0.0,4.0,8,0.0,0.0,12.125
peetri50,14,0.0,0.0,1.8,62.5,104,0.0,4.0,8,0.0,0.0,13.0
peetri52,14,0.0,0.0,1.0,37.5,40,0.0,4.0,8,0.0,0.0,5.0
peetri55,14,0.0,0.0,1.8,62.5,104,0.0,4.0,8,0.0,0.0,13.0
peetri56,14,0.0,0.0,1.63,100.0,162,0.0,4.0,8,0.0,0.0,20.25
peetri57,14,0.0,0.0,1.67,75.0,144,0.0,4.0,8,0.0,0.0,18.0
peetri61,14,0.0,0.0,1e-06,0.0,0,0.0,4.0,8,0.0,0.0,0.0
peetri62,14,0.0,0.0,1.63,100.0,131,0.0,4.0,8,0.0,0.0,16.375
peetri63,14,0.0,0.0,1.57,87.5,143,0.0,4.0,8,0.0,0.0,17.875
peetri64,14,0.0,0.0,1.63,100.0,157,0.0,4.0,8,0.0,0.0,19.625
peetri65,14,0.0,0.0,2.0,62.5,163,0.0,4.0,8,0.0,0.0,20.375
peetri67,14,0.0,0.0,1.63,100.0,148,0.0,4.0,8,0.0,0.0,18.5
peetri68,14,0.0,0.0,1.63,100.0,159,0.0,4.0,8,0.0,0.0,19.875
peetri69,14,0.0,0.0,1.63,100.0,115,0.0,4.0,8,0.0,0.0,14.375
peetri72,14,0.0,0.0,1.63,100.0,163,0.0,4.0,8,0.0,0.0,20.375
peetri73,14,0.0,0.0,1.63,100.0,158,0.0,4.0,8,0.0,0.0,19.75
peetri74,14,0.0,0.0,1.57,87.5,114,0.0,4.0,8,0.0,0.0,14.25
peetri76,14,0.0,0.0,1.57,87.5,135,0.0,4.0,8,0.0,0.0,16.875
peetri77,14,0.0,0.0,1.8,62.5,76,0.0,4.0,8,0.0,0.0,9.5
peetri78,14,0.0,0.0,1.63,100.0,221,0.0,4.0,8,0.0,0.0,27.625
peetri79,14,0.0,0.0,1.63,100.0,180,0.0,4.0,8,0.0,0.0,22.5
peetri81,14,0.0,0.0,1.63,100.0,124,0.0,4.0,8,0.0,0.0,15.5
peetri82,14,0.0,0.0,1.63,100.0,260,0.0,4.0,8,0.0,0.0,32.5
peetri83,14,0.0,0.0,1.0,50.0,68,0.0,4.0,8,0.0,0.0,8.5
peetri85,14,0.0,0.0,2.0,25.0,59,0.0,4.0,8,0.0,0.0,7.375
peetri86,14,0.0,0.0,1.63,100.0,141,0.0,4.0,8,0.0,0.0,17.625
peetri87,14,0.0,0.0,1.63,100.0,179,0.0,4.0,8,0.0,0.0,22.375
peetri88,14,0.0,0.0,1.63,100.0,126,0.0,4.0,8,0.0,0.0,15.75
peetri89,14,0.0,0.0,1.0,12.5,10,0.0,4.0,8,0.0,0.0,1.25
peetri90,14,0.0,0.0,1.63,100.0,118,0.0,4.0,8,0.0,0.0,14.75
peetri91,14,0.0,0.0,1.63,100.0,132,0.0,4.0,8,0.0,0.0,16.5
peetri92,14,0.0,0.0,1.63,100.0,135,0.0,4.0,8,0.0,0.0,16.875
peetri93,14,0.0,0.0,1.63,100.0,130,0.0,4.0,8,0.0,0.0,16.25
peetri94,14,0.0,0.0,1.63,100.0,146,0.0,4.0,8,0.0,0.0,18.25
peetri96,14,0.0,0.0,1.63,100.0,132,0.0,4.0,8,0.0,0.0,16.5
peetri97,14,0.0,0.0,1e-06,0.0,0,0.0,4.0,8,0.0,0.0,0.0
peetri98,14,0.0,0.0,1.63,100.0,160,0.0,4.0,8,0.0,0.0,20.0
